Country,Year,Dentists,Midwifes,Nurses,Pharmacists,Physicians
Australia,2000,,,,,7.36
Australia,2001,1.71,2.55,50.44,3.9,7.01
Australia,2002,1.77,2.53,52.27,4.34,7.27
Australia,2003,1.88,2.83,51.44,4.39,8.34
Australia,2004,1.94,3.39,53.7,5.78,8.69
Australia,2005,1.96,3.13,50.78,6.28,8.91
Australia,2006,2.05,3.28,53.07,6.6,9.21
Australia,2007,2.38,3.31,58.16,7.58,10.16
Australia,2008,2.6,3.02,61.62,7.75,11.24
Australia,2009,2.91,3.42,63.49,8.27,10.88
Australia,2010,3.02,4.19,67.57,8.91,12.08
Australia,2011,3.06,4.46,71.64,8.11,13.48
Australia,2012,3.18,4.59,71.68,8.69,13.98
Australia,2013,3.87,4.66,74.81,8.53,15.45
Australia,2014,3.67,4.8,75.84,8.81,15.31
Australia,2015,4.02,4.45,76.8,8.12,15.75
Australia,2016,4,5.12,81.99,8.55,15.95
Australia,2017,3.88,5.44,84.57,8.75,15.45
Australia,2018,3.9,5.13,96.1,8.48,15.85
Australia,2019,4.03,5.48,109,8.97,15.87
Australia,2020,3.17,5.09,108.04,7.73,14.96
Australia,2021,3.8,5.35,115.72,8.51,15.36
Australia,2022,4.51,5.84,121.1,8.8,15.66
Austria,2000,0.41,0,34.35,2.27,14.19
Austria,2001,0.3,0.65,28.95,2.57,18.58
Austria,2002,1.41,0.87,30.88,2.15,12.79
Austria,2003,2.03,0.06,30.68,3.31,21.89
Austria,2004,0.88,0.94,35.5,3.08,18.59
Austria,2005,0.81,0.61,30.35,3.1,20
Austria,2006,1.12,0.33,34.48,3.12,18.98
Austria,2007,1.22,0.96,34.09,2.35,17.55
Austria,2008,1.33,0.54,39.94,2.1,22.05
Austria,2009,1.41,0.7,33.52,2.65,21.75
Austria,2010,1.6,1.09,34.85,2.7,20.64
Austria,2011,1.56,0.6,34.44,2.46,17.48
Austria,2012,1.5,0.58,35.76,2.73,16.77
Austria,2013,1.27,1.62,36.99,2.47,13.8
Austria,2014,1.24,0.7,33.84,3.27,14.74
Austria,2015,1.63,0.9,31.8,2.92,14.54
Austria,2016,2.23,1.26,34.44,3.18,13.94
Austria,2017,2.09,0.96,32.31,3.5,14.19
Austria,2018,2.36,0.91,38.06,3.1,15.23
Austria,2019,2.74,1.59,39.63,3.59,13.99
Austria,2020,2.58,0.83,41.91,3.48,14.44
Austria,2021,2.76,1.53,32.54,3.53,16.25
Austria,2022,2.97,1.17,45.4,3.51,16.19
Belgium,2000,2.15,2.86,44.71,4.2,10.14
Belgium,2001,2.16,2.66,44.28,4.29,11.13
Belgium,2002,1.62,3.1,43.3,4.15,10.22
Belgium,2003,1.29,3.36,42,4.44,11.5
Belgium,2004,1.11,3.85,38.22,3.66,8.01
Belgium,2005,1.02,3.92,39.57,4.37,7.28
Belgium,2006,1.37,4.84,31.51,4.57,6.46
Belgium,2007,1.13,4.41,33.56,3.5,6.89
Belgium,2008,1.14,5.59,32.46,3.7,7.08
Belgium,2009,1.44,6.11,37.25,4.42,7.88
Belgium,2010,1.57,5.95,41.69,4.89,8.99
Belgium,2011,1.33,3.89,37.66,4.6,10.23
Belgium,2012,1.47,4.71,42.78,5.28,10.66
Belgium,2013,1.63,4.68,47.69,5.31,10.57
Belgium,2014,1.96,4.19,47.54,5.6,11.53
Belgium,2015,2.06,5.02,49.84,5.13,12.09
Belgium,2016,2.09,5.13,55.21,5.27,14.29
Belgium,2017,2.25,5.44,57.04,4.74,14.84
Belgium,2018,2.55,6.94,63.16,4.82,28.78
Belgium,2019,2.44,4.93,31.14,4.96,17.62
Belgium,2020,2.35,5.63,45.14,5.21,16.66
Belgium,2021,2.41,5.23,46.94,5.17,16.43
Belgium,2022,1.99,5.51,46.18,5.88,15.75
Belgium,2023,2.19,5.67,42.17,5.67,14.81
Bulgaria,2000,3.48,2.48,10.13,,11.32
Bulgaria,2001,3.76,1.26,8.25,2.53,10.85
Bulgaria,2002,4.22,1.26,7.23,1.89,9.89
Bulgaria,2003,2.79,1.31,5.26,2.39,7.78
Bulgaria,2004,2.57,1.4,4.63,2.67,7.02
Bulgaria,2005,3.2,1.07,3.85,2.78,6.12
Bulgaria,2006,2.78,1.14,3.66,1.97,5.6
Bulgaria,2007,2.9,0.54,1.1,2.32,6.03
Bulgaria,2008,2.96,1.52,4.47,1.83,7.74
Bulgaria,2009,3.12,1.57,5.02,2.86,6.76
Bulgaria,2010,3.64,1.34,4.06,2.54,8.07
Bulgaria,2011,3.95,1.67,3.89,2.69,8.19
Bulgaria,2012,4.17,1.52,3.91,3.75,8.62
Bulgaria,2013,3.87,1.68,4.23,4.06,9.51
Bulgaria,2014,3.74,1.9,3.96,4.39,10.69
Bulgaria,2015,4.12,2.44,5.28,5.77,11.66
Bulgaria,2016,3.47,2.4,6.09,5.5,12.05
Bulgaria,2017,4.92,2.78,6.92,6.2,14.87
Bulgaria,2018,4.8,2.62,8.44,5.32,15.69
Bulgaria,2019,5.46,3.31,7.12,5.59,19.35
Bulgaria,2020,7.15,2.87,6.94,6.19,20.39
Bulgaria,2021,7.21,2.91,8.03,5.74,22.74
Bulgaria,2022,7.8,3.13,9.24,6.25,29.49
Canada,2000,1.49,0.02,25.19,2.71,5.14
Canada,2001,1.89,0.06,,2.48,4.95
Canada,2002,1.65,0.11,,2.37,4.92
Canada,2003,1.25,0.13,,2.23,5.24
Canada,2004,1.37,0.13,,2.57,5.5
Canada,2005,1.66,0.16,,2.87,5.82
Canada,2006,1.64,0.19,,2.86,6.01
Canada,2007,1.63,0.22,47.54,2.42,6.22
Canada,2008,1.53,0.19,44.94,2.94,6.38
Canada,2009,1.52,0.23,45.84,3.21,6.95
Canada,2010,1.47,0.2,51.38,3.23,7.2
Canada,2011,1.48,0.26,55.49,3.34,7.36
Canada,2012,1.3,0.24,57.83,3.35,7.61
Canada,2013,1.52,0.3,56.8,3.38,7.58
Canada,2014,1.5,,,3.33,7.89
Canada,2015,1.47,,58.72,3.6,7.88
Canada,2016,1.51,,56.13,3.65,7.88
Canada,2017,1.53,0.36,52.71,3.49,7.69
Canada,2018,1.51,0.36,,3.37,7.72
Canada,2019,1.47,0.4,,3.34,7.6
Canada,2020,1.52,0.27,,3.3,7.57
Canada,2021,1.44,0.31,,3.2,7.48
Canada,2022,1.32,0.28,,3.13,
Canada,2023,1.44,,,,
Chile,2005,1.65,1.66,4.2,1.45,4.61
Chile,2006,1.99,1.9,5.19,1.3,4.59
Chile,2007,2.51,1.89,4.29,1.01,4.02
Chile,2008,2.98,1.77,7.38,1.9,5.11
Chile,2009,4.32,1.87,7.74,2.36,6.33
Chile,2010,4.11,2.25,11.59,2.06,7.31
Chile,2011,4.82,2.6,10.73,2.05,6.91
Chile,2012,5.57,1.83,11.79,2.5,9.36
Chile,2013,5.87,2.38,12.55,2.21,7.35
Chile,2014,6.36,2.47,18.6,2.97,8.64
Chile,2015,7.52,3.19,21.56,3.03,9.42
Chile,2016,7.18,2.82,24.97,2.44,9.05
Chile,2017,8.28,3.66,28.85,2.55,8.67
Chile,2018,8.78,3.8,29.71,2.55,8.73
Chile,2019,8.36,4.78,31.14,2.47,9.13
Chile,2020,8.71,5.19,28.35,2.53,9.09
Chile,2021,2.12,2.52,10.94,1.78,2.54
Chile,2022,12.96,5.57,36.64,2.22,12.79
Chile,2023,10.95,7.6,36.96,3.82,11.59
Colombia,2001,4.54,,4.28,0.24,6.03
Colombia,2002,4.33,,4.23,0.49,6.48
Colombia,2003,3.77,,5.14,0.47,7.52
Colombia,2004,3.36,,5.6,0.72,7.77
Colombia,2005,2.93,,5.43,0.67,7.29
Colombia,2006,2.35,,4.92,0.75,7.26
Colombia,2007,3,,6.47,0.7,8.3
Colombia,2008,3.5,,6.38,0.74,8.36
Colombia,2009,2.81,,6.11,0.78,7.97
Colombia,2010,3.4,,7.14,0.69,9.48
Colombia,2011,3.37,,8.02,0.91,9.18
Colombia,2012,3.57,,7.66,0.67,9.93
Colombia,2013,3.74,,8.24,0.84,10.95
Colombia,2014,4.58,,7.92,1.02,9.58
Colombia,2015,3.94,,8.79,1.05,10.43
Colombia,2016,4.34,,8.39,0.72,11.2
Colombia,2017,4.58,,8.37,0.7,12.12
Colombia,2018,3.62,,7.92,0.65,13.32
Colombia,2019,3.11,,7.82,0.71,12.79
Colombia,2020,3.15,,8.13,0.6,11.81
Croatia,2000,4.4,,,3.01,9.89
Croatia,2001,3.28,,,3.3,9.42
Croatia,2002,3.67,,,3.74,9.62
Croatia,2003,3.63,,,2.97,9.53
Croatia,2004,,,,3.34,11.22
Croatia,2005,,,,3.34,9.93
Croatia,2006,,,,,10.46
Croatia,2007,,,,,10.84
Croatia,2008,2.99,5.82,124.9,2.16,10.95
Croatia,2009,2.76,5.34,127.64,3.41,9.66
Croatia,2010,2.89,4.42,122.54,4.89,12.06
Croatia,2011,2.69,3.11,91.94,4.63,11.75
Croatia,2012,3.14,2.91,90.02,3.94,11.29
Croatia,2013,3.31,2.58,49.65,3.34,10.46
Croatia,2014,2.08,3.14,54.25,3.02,15.01
Croatia,2015,2.47,3.38,52.45,4.52,12.2
Croatia,2016,2.2,3.23,61.02,3.23,14.54
Croatia,2017,2.45,1.94,51.81,2.28,14.04
Croatia,2018,3.91,2.01,59.66,3.18,15.34
Croatia,2019,2.24,1.75,62.68,3.42,16.95
Croatia,2020,2.47,1.85,59.34,3.61,16.72
Croatia,2021,3.27,3.63,64.97,3.48,16.86
Croatia,2022,5.09,3.22,64.45,4.64,16.81
Cyprus,2000,0,0,,0,0
Cyprus,2001,0,0,,0,0
Cyprus,2002,0,0,,0,0
Cyprus,2003,0,0,,0,0
Cyprus,2004,0,0,,0,0
Cyprus,2005,0,0,,0,0
Cyprus,2006,0,0,,0,0
Cyprus,2007,0,0,23.6,0,0
Cyprus,2008,0,0,29.22,0,0
Cyprus,2009,0,0,23.39,0,0
Cyprus,2010,0,0,33.41,0,0
Cyprus,2011,0,0,27.73,0,0
Cyprus,2012,0,0,33.91,0,0
Cyprus,2013,0,0,39.33,0,0
Cyprus,2014,0,0,41.5,0,0
Cyprus,2015,0,0,31.37,0,0
Cyprus,2016,0,0,20.89,0,0
Cyprus,2017,0,0,15.93,1.28,0
Cyprus,2018,0,0,15.4,6.21,0
Cyprus,2019,0,0,13.83,11.79,5.1
Cyprus,2020,0,1.35,15.25,15.47,8.63
Cyprus,2021,0,3.56,16,19,11
Cyprus,2022,3.63,2.09,7.92,23.65,15.18
Czechia,2000,1.02,1.89,15.59,2.47,7.86
Czechia,2001,0.92,1.51,44.96,2.5,9.03
Czechia,2002,1.35,1.7,43.34,2.7,8.29
Czechia,2003,1.26,0.99,46.42,2.71,9.87
Czechia,2004,1.4,1.36,50.51,2.71,9.98
Czechia,2005,1.32,2.92,47.32,2.48,10.45
Czechia,2006,1.32,2.14,48.98,2.66,10.14
Czechia,2007,1.51,1.6,35.29,2.77,10.73
Czechia,2008,1.58,1.94,15.46,2.92,11.15
Czechia,2009,3.88,1.92,13.89,3.01,12.57
Czechia,2010,3.36,2.18,12.2,2.8,13.86
Czechia,2011,2.86,2.5,17.36,3.27,13.91
Czechia,2012,2.49,2.45,17.22,3.03,15.14
Czechia,2013,3.15,2.22,14.89,3.02,12.73
Czechia,2014,3.26,2.34,15.16,3.48,14
Czechia,2015,3.75,2.12,15.79,3.43,13.56
Czechia,2016,3.44,1.88,15.84,3.27,15.11
Czechia,2017,3.32,1.85,29.07,3.06,17.14
Czechia,2018,2.96,1.95,27.65,3.17,16
Czechia,2019,2.75,1.6,28.73,2.66,16.1
Czechia,2020,2.64,1.82,28.99,2.87,16.55
Czechia,2021,2.81,1.81,37.38,2.24,17.05
Czechia,2022,2.75,1.78,34.67,2.79,16.41
Denmark,2000,1.84,1.52,37.61,2.83,8.3
Denmark,2001,2.26,1.31,36.77,3.16,10.25
Denmark,2002,2.07,1.43,35.47,2.36,11.95
Denmark,2003,2.15,1.39,35.38,2.65,13.55
Denmark,2004,2.28,0.76,35.97,3.37,14.07
Denmark,2005,2.07,1.4,32.44,2.7,15.1
Denmark,2006,2.28,1.66,34.59,3.05,16.04
Denmark,2007,2.03,1.94,36.82,2.24,15.81
Denmark,2008,2.4,1.8,37.64,2.71,14.74
Denmark,2009,1.92,2.37,40.59,3.13,15.29
Denmark,2010,2.22,2.92,40.21,3.32,16.45
Denmark,2011,2.35,2.62,40.22,2.75,17.05
Denmark,2012,2.2,2.43,36.32,2.81,15.48
Denmark,2013,2.14,2.55,41.97,2.66,15.12
Denmark,2014,2.09,2.77,44.86,2.11,14.47
Denmark,2015,2.62,2.48,43.57,2.82,17.07
Denmark,2016,2.08,2.6,44.1,3.21,21.49
Denmark,2017,1.93,2.71,44.42,3.26,22.24
Denmark,2018,2.19,2.85,44.72,4.11,23.06
Denmark,2019,2.25,2.84,44.12,3.22,21.22
Denmark,2020,2.23,2.58,45.32,2.95,22.04
Denmark,2021,2.21,2.87,45.79,3.04,21.66
Estonia,2000,2.29,0.14,19.76,3.22,4.72
Estonia,2001,2.16,0.07,23.56,3.67,6.41
Estonia,2002,2.39,1.38,29.3,2.76,6.53
Estonia,2003,2.84,1.24,31.8,4.16,7.51
Estonia,2004,2.42,2.79,28.61,7.34,7.12
Estonia,2005,2.51,3.91,35.65,4.58,7.82
Estonia,2006,2.6,5.05,34.89,5.05,9.5
Estonia,2007,2.91,4.25,44.07,4.7,7.9
Estonia,2008,3.07,2.84,24.83,5.24,8.38
Estonia,2009,2.17,2.47,32.43,3.9,8.99
Estonia,2010,2.4,2.33,28.47,5.86,11.19
Estonia,2011,2.34,4.45,29.16,5.65,9.42
Estonia,2012,1.74,2.87,34.39,5.22,10.28
Estonia,2013,2.12,5.46,35.43,4.93,9.71
Estonia,2014,1.9,4.41,34.3,4.41,10.57
Estonia,2015,2.13,4.18,32.7,4.64,10.11
Estonia,2016,1.9,2.43,32.29,3.57,11.02
Estonia,2017,1.9,3.42,35.54,3.57,11.47
Estonia,2018,1.74,2.57,29.43,4.01,10.29
Estonia,2019,2.19,2.41,28.86,3.99,10.4
Estonia,2020,2.48,2.26,27.61,6.55,10.38
Estonia,2021,1.88,2.1,27.27,3.01,11.8
Estonia,2022,1.85,2.59,29.73,4.3,12.16
Estonia,2023,1.82,2.4,30.01,2.83,10.47
Finland,2000,1.56,4.46,68.95,5.02,7.79
Finland,2001,1.14,3.3,61.58,5.47,7.15
Finland,2002,1.06,3.23,59.3,5.36,7
Finland,2003,0.67,2.86,51.43,9.69,8.59
Finland,2004,0.99,2.66,44.55,6.04,8.03
Finland,2005,1.03,2.99,46.57,6.14,8.77
Finland,2006,0.93,2.35,48.4,7.69,7.88
Finland,2007,1.25,3.06,48.19,6.98,10.13
Finland,2008,1.3,2.71,56.6,6.63,9.6
Finland,2009,1.59,3.32,55.63,5.75,10.9
Finland,2010,1.58,3.3,58.53,5.91,12.23
Finland,2011,1.67,3.3,61.66,5.85,10.82
Finland,2012,1.72,4.01,64.63,6.24,11.16
Finland,2013,2.54,4.34,66.32,5.48,10.37
Finland,2014,2.11,3.77,67.8,5.38,11.64
Finland,2015,2.66,3.76,70.15,5.49,11.41
Finland,2016,2.02,4.2,69.21,4.88,12.03
Finland,2017,2.89,4.01,77.32,6.43,10.42
Finland,2018,3.28,3.64,76.25,5.73,11.69
Finland,2019,3.4,3.93,75.15,5.31,11.9
Finland,2020,3.4,3.54,67.72,6.06,12.19
Finland,2021,2.98,3.28,71.43,5.02,12.67
Finland,2022,3.26,2.93,67.01,5.8,13.12
France,2000,0.99,0.97,22.75,3.5,6.48
France,2001,1.08,0.99,22.78,,5.94
France,2002,1.3,0.94,24.77,3.02,5.25
France,2003,1.59,1.12,27.79,3.82,6.17
France,2004,1.38,1.04,31.32,3.14,5.7
France,2005,1.38,1.17,33.33,4.03,5.47
France,2006,1.48,1.26,33.1,3.94,5.29
France,2007,1.31,1.26,33.94,3.91,6.04
France,2008,1.37,1.35,33.63,3.73,5.5
France,2009,1.33,1.46,34.32,3.95,5.2
France,2010,1.49,1.35,34.44,4.09,5.77
France,2011,1.72,1.41,35.51,4.07,6.74
France,2012,1.57,1.37,40.44,4.69,7.21
France,2013,1.66,1.39,38.97,4.88,7.67
France,2014,1.48,1.39,38.53,4.77,8.09
France,2015,1.88,1.3,38.92,4.65,9.06
France,2016,1.63,1.32,39.15,4.24,9.47
France,2017,1.92,1.25,38.97,4.35,10.84
France,2018,1.74,1.31,38.37,3.89,9.52
France,2019,2.12,1.28,37.65,4.45,9.96
France,2020,2.19,1.33,37.84,4.31,11.95
France,2021,2.19,1.38,36.25,4.86,14.46
France,2022,,1.25,35.88,,
Germany,2000,2.28,0.72,38.68,2.35,11.15
Germany,2001,2.2,0.73,39.32,2.17,10.87
Germany,2002,2.16,0.82,37.84,2.29,10.73
Germany,2003,2.16,0.73,36.96,2.62,10.84
Germany,2004,2.22,0.68,38.76,2.12,10.78
Germany,2005,2.01,0.75,39.1,2.21,10.76
Germany,2006,1.91,0.71,40.1,2.18,10.59
Germany,2007,2.14,0.8,38,2.16,11.64
Germany,2008,2.24,0.71,36.14,2.19,12
Germany,2009,2.22,0.7,36.45,2.27,12.29
Germany,2010,2.55,0.73,37.45,2.29,12.1
Germany,2011,2.72,0.78,38.07,2.33,11.92
Germany,2012,2.95,0.84,43.34,2.4,11.92
Germany,2013,2.78,0.77,45.51,2.41,12.15
Germany,2014,2.86,0.76,43.16,2.57,11.85
Germany,2015,2.81,0.81,44,2.48,11.28
Germany,2016,2.93,0.71,46.41,2.67,11.71
Germany,2017,2.65,0.72,44.69,2.7,12.01
Germany,2018,2.67,0.76,43.11,2.75,11.53
Germany,2019,2.96,0.78,43.92,2.77,12.32
Germany,2020,2.78,0.9,43.11,3.07,12.03
Germany,2021,3.07,0.97,44.18,2.89,12.4
Germany,2022,2.99,1.11,44.35,2.89,12.38
Greece,2000,2.16,1.43,,1.65,
Greece,2001,2.38,1.44,,1.49,12.79
Greece,2002,2.68,2.06,,2.22,
Greece,2003,1.89,1.9,,1.95,
Greece,2004,2.38,2.46,,2.57,
Greece,2005,2.01,2,,1.77,13.4
Greece,2006,3.25,2.17,,2.67,14.84
Greece,2007,3.21,2.1,19.98,2.86,14.47
Greece,2008,2.46,2.2,23.77,3.04,12.8
Greece,2009,2.44,2.56,25.78,3.35,11.57
Greece,2010,2.32,2.12,23.46,3.32,9.33
Greece,2011,2.33,1.47,74.16,2.78,9.87
Greece,2012,1.59,1.26,58.3,2.53,9.21
Greece,2013,1.84,1.4,57.96,3.03,9.32
Greece,2014,1.52,1.62,33.84,2.82,8.91
Greece,2015,2.1,2.47,21.2,3.06,10.74
Greece,2016,2,2.88,67.88,3.23,10.22
Greece,2017,1.61,2.56,81.56,3.06,12.4
Greece,2018,2.76,1.83,66.91,3.07,12.52
Greece,2019,1.9,2.19,78.62,3.16,13.51
Greece,2020,2.25,2.64,90.54,2.47,13.69
Greece,2021,2.35,2.04,100.21,3.82,13.27
Hungary,2000,1.51,2.13,44.53,2.31,9.25
Hungary,2001,2.04,1.87,46.29,2.43,9.95
Hungary,2002,1.71,1.17,42.17,2.95,10.21
Hungary,2003,1.72,0,41.81,2.79,9.62
Hungary,2004,1.68,0.49,43.92,2.36,11.12
Hungary,2005,1.62,0.65,41.77,2.87,11.41
Hungary,2006,1.72,0.52,40.03,2.56,10.61
Hungary,2007,1.91,0.72,36.63,2.39,9.99
Hungary,2008,1.84,0.44,31.46,2,9.56
Hungary,2009,2.18,0.59,33.61,2.74,9.21
Hungary,2010,2.54,0.52,28.63,2.74,10.4
Hungary,2011,2.8,0.42,25.54,2.75,11.53
Hungary,2012,3.45,0.49,26.17,3.87,13.85
Hungary,2013,3.05,0.84,34,3.23,14.2
Hungary,2014,3.35,1.34,40.54,3.04,13.65
Hungary,2015,3.13,1.31,43.87,3.07,13.4
Hungary,2016,3.56,1.76,41.9,3.71,14.14
Hungary,2017,3.15,1.37,46.33,3.16,14.41
Hungary,2018,3.99,1.27,49.41,3.64,15.96
Hungary,2019,3.27,1.19,42.19,3.25,15.76
Hungary,2020,3.39,2.35,50.61,3.3,15.71
Hungary,2021,3.34,1.12,36.74,3.34,16.21
Hungary,2022,3.9,0.89,24.35,3.55,16.89
Iceland,2000,2.14,2.85,57.65,5.34,11.74
Iceland,2001,2.11,2.81,66.32,6.32,11.93
Iceland,2002,1.39,3.47,53.13,5.56,13.19
Iceland,2003,2.41,2.76,57.24,3.1,10.34
Iceland,2004,1.37,3.42,81.85,5.14,11.99
Iceland,2005,2.02,3.7,67.34,1.35,14.81
Iceland,2006,1.32,3.62,90.79,3.95,13.16
Iceland,2007,2.56,3.21,71.79,4.49,11.54
Iceland,2008,1.89,2.84,103.15,6.62,15.46
Iceland,2009,1.88,3.76,64.58,7.21,11.6
Iceland,2010,1.89,3.14,77.99,6.92,13.84
Iceland,2011,1.88,3.76,65.2,5.02,13.79
Iceland,2012,1.87,2.8,69.78,6.23,15.26
Iceland,2013,1.85,3.09,72.84,4.32,12.35
Iceland,2014,2.45,3.06,82.26,4.59,16.21
Iceland,2015,2.11,3.02,72.21,3.63,12.69
Iceland,2016,2.09,2.99,65.67,6.87,15.82
Iceland,2017,2.04,2.04,73.76,7.29,14.58
Iceland,2018,1.98,3.97,54.96,6.23,13.6
Iceland,2019,1.94,2.77,59.56,7.2,11.36
Iceland,2020,1.64,4.64,59.84,8.74,13.39
Iceland,2021,2.14,0.8,71.85,4.56,13.67
Ireland,2000,1.66,,38.58,1.66,14.41
Ireland,2001,1.79,,26.62,1.92,14.35
Ireland,2002,1.84,4.54,31.4,1.89,14.5
Ireland,2003,1.88,4.97,30.4,1.86,15.28
Ireland,2004,1.71,4.05,44.43,1.58,15.77
Ireland,2005,1.91,3.8,34.47,1.69,14.37
Ireland,2006,1.72,3.92,35.62,2.95,15.14
Ireland,2007,1.49,3.61,32.22,3.29,16.59
Ireland,2008,1.67,3.75,35.05,3.84,15.01
Ireland,2009,1.59,4.19,31.77,3.46,15.93
Ireland,2010,1.49,4.08,36.03,3.73,17.23
Ireland,2011,1.53,3.41,37.6,3.5,16.13
Ireland,2012,1.74,6.05,33.04,3.5,17
Ireland,2013,1.93,2.77,33.11,3.03,20.17
Ireland,2014,1.74,2.69,31.43,3.25,21.72
Ireland,2015,1.92,2.47,28.84,3.54,23.61
Ireland,2016,1.69,2.45,29.41,3.57,24.51
Ireland,2017,1.77,2.38,29.03,3.07,24.96
Ireland,2018,1.61,2.12,29.17,3.75,25.82
Ireland,2019,1.93,2.46,29,3.45,24.89
Ireland,2020,1.79,2.57,30.82,3.34,25.48
Ireland,2021,1.9,2.29,32.33,3.29,26.14
Ireland,2022,1.76,2.35,32.65,3.92,25.98
Israel,2000,1.07,1.27,15.84,1.86,5.49
Israel,2001,1.07,0.82,17.1,1.71,4.27
Israel,2002,0.76,1.61,19.53,1.92,4.66
Israel,2003,1,1.21,16.02,1.78,4.53
Israel,2004,1.04,0.04,15.88,1.72,4.95
Israel,2005,0.88,0.04,16.61,1.44,4.5
Israel,2006,0.77,1.22,15.32,1.13,4.39
Israel,2007,0.92,0.49,14.07,2.45,4.12
Israel,2008,0.82,1.01,13.1,2.55,4.45
Israel,2009,0.73,0.81,11.49,1.94,4.01
Israel,2010,1.08,1.01,11.12,2.09,4.12
Israel,2011,1.16,1.82,11.32,1.78,4.85
Israel,2012,0.77,1.15,14.04,2.26,3.84
Israel,2013,0.81,1.09,15.77,1.86,5.06
Israel,2014,0.73,0.96,22.07,2.06,6.29
Israel,2015,0.61,1.18,19,1.72,5.47
Israel,2016,0.78,0.96,20.96,1.44,6.76
Israel,2017,0.88,0.98,24.18,1.64,6.9
Israel,2018,0.92,1.04,23.94,1.55,7.41
Israel,2019,1.01,1.82,26.55,1.28,7.22
Israel,2020,0.75,1.6,29.1,1.23,6.93
Israel,2021,1.2,1.63,33.06,1.31,6.8
Israel,2022,1.78,1.53,30,1.35,7.24
Israel,2023,,1.47,34,,
Italy,2000,1.48,0.66,,,11.51
Italy,2001,1.87,0.72,,6.3,11.26
Italy,2002,2.15,0.93,10.02,7.3,12.26
Italy,2003,2.42,1.38,12.22,8.93,12.69
Italy,2004,2.63,1.31,15.34,7.73,11.44
Italy,2005,2.64,1.56,15.55,7.37,11.03
Italy,2006,2.08,1.65,16.08,7.38,10.52
Italy,2007,1.91,1.52,17.86,6.78,11.6
Italy,2008,1.8,1.43,17.04,6.82,11.48
Italy,2009,1.64,1.4,18.17,6.66,11.22
Italy,2010,1.66,1.34,16.34,6.94,11.25
Italy,2011,1.41,1.41,18.97,6.94,11.16
Italy,2012,1.36,1.4,20.19,7.52,11.02
Italy,2013,1.39,1.46,21.68,8.03,11.12
Italy,2014,0.57,1.29,21.61,8.59,11.57
Italy,2015,1.04,1.35,20.86,8.94,12.45
Italy,2016,1.15,1.37,20.16,9.01,13.36
Italy,2017,1.26,1.36,19.09,8.52,15.2
Italy,2018,1.41,1.17,18.72,8.51,16.92
Italy,2019,1.54,1.1,18.42,8.01,17.6
Italy,2020,1.89,0.78,17.21,7.51,18.86
Italy,2021,1.32,1.04,17.23,7.93,18.24
Italy,2022,1.43,1.13,16.35,7.11,16.67
Japan,2000,1.99,,56.48,7,5.9
Japan,2001,2.01,,55.62,6.7,5.81
Japan,2002,2.1,,53.72,6.8,6.08
Japan,2003,2.12,,52.34,6.85,6
Japan,2004,2.09,,50.22,7.03,5.92
Japan,2005,2.02,,45.4,7.16,5.79
Japan,2006,1.96,,45.62,7.09,5.97
Japan,2007,2.02,,45.01,7.27,5.97
Japan,2008,1.94,,45.55,8.38,5.8
Japan,2009,1.98,,44.93,9.29,5.91
Japan,2010,1.84,,46.08,3,5.95
Japan,2011,1.9,,46.65,1.07,5.97
Japan,2012,1.82,,47.42,7.77,5.88
Japan,2013,1.89,,48.86,8.89,6
Japan,2014,1.86,,50.25,8.55,6.01
Japan,2015,1.61,,50.92,8.71,6.39
Japan,2016,1.63,,51.48,8.78,6.71
Japan,2017,1.62,,51.43,8.76,6.83
Japan,2018,1.65,,52.33,8.98,6.9
Japan,2019,1.66,,52.09,9.52,7.11
Japan,2020,1.77,,52.51,9.35,6.94
Japan,2021,1.74,,52.74,9.08,7.18
Japan,2022,1.66,,52.07,9.19,7.28
Japan,2023,1.61,,52.2,8.99,7.51
Korea,2000,1.63,,,1.76,7.29
Korea,2001,1.58,,,3.76,7.93
Korea,2002,1.69,,,2.69,8.42
Korea,2003,1.73,,,2.78,9.33
Korea,2004,1.72,,,2.96,8.7
Korea,2005,1.75,,,3.07,9.05
Korea,2006,1.72,,58.23,3.03,8.99
Korea,2007,1.75,,61.97,3.19,8.94
Korea,2008,1.68,,68.23,3.04,9.08
Korea,2009,1.56,,73.38,3.12,8.99
Korea,2010,1.58,,86.49,3.05,8.13
Korea,2011,1.49,,89.27,3.21,7.87
Korea,2012,1.53,,86.78,3.37,7.95
Korea,2013,1.51,,91.76,0.71,7.74
Korea,2014,1.49,,103.4,0.38,7.79
Korea,2015,1.41,,102.89,3.41,7.57
Korea,2016,1.49,,103.01,3.71,7.59
Korea,2017,1.43,,99.88,3.71,7.59
Korea,2018,1.4,,102.95,3.76,7.48
Korea,2019,1.45,,100.16,3.75,7.39
Korea,2020,1.48,,104.41,3.79,7.22
Korea,2021,1.39,,105.19,3.8,7.26
Korea,2022,1.42,,106.71,3.73,7.57
Korea,2023,1.39,,,3.83,7.45
Latvia,2000,1.35,0.46,9.59,1.1,3.59
Latvia,2001,1.16,0.47,9.84,0.9,3.89
Latvia,2002,1.08,0.74,14.03,0.91,4.68
Latvia,2003,1.4,0.7,14.6,1.88,4.55
Latvia,2004,1.86,0.62,16.7,3.8,3.76
Latvia,2005,1.92,0.85,17.73,2.37,4.2
Latvia,2006,1.98,0.63,19.34,3.65,5.59
Latvia,2007,1.5,0.36,25.18,4.18,5.05
Latvia,2008,1.33,0.41,21.59,3.03,6.43
Latvia,2009,1.59,0.42,19.98,3.08,7.52
Latvia,2010,1.57,0.62,38.42,4.15,8.53
Latvia,2011,2.09,0.97,79.9,2.43,11.26
Latvia,2012,1.82,1.77,29.11,3.98,11.5
Latvia,2013,2.53,2.43,92.65,2.98,13.46
Latvia,2014,2.01,1.45,27.88,3.81,14.04
Latvia,2015,2.48,2.07,27.55,4.2,16.18
Latvia,2016,2.3,1.79,20,4.03,16.33
Latvia,2017,3.24,1.7,27.5,2.73,17.35
Latvia,2018,2.8,1.97,26.73,2.54,22.21
Latvia,2019,3.45,1.36,26.85,3.03,23.51
Latvia,2020,3.16,2.21,29.32,3.47,23.89
Latvia,2021,3.24,1.86,26.8,3.4,27.34
Latvia,2022,5.27,1.65,16.55,2.93,27.51
Latvia,2023,4.92,1.85,21.39,3.86,26.89
Lithuania,2000,2.09,1.29,17.4,1.54,6.89
Lithuania,2001,2.59,0.58,14.26,1.7,7.26
Lithuania,2002,2.88,0,11.5,2.38,8.68
Lithuania,2003,2.72,0,18.89,2.31,7.73
Lithuania,2004,2.9,1.57,14.78,2.49,7.25
Lithuania,2005,3.04,1.75,21.04,2.35,6.5
Lithuania,2006,3.43,0,20.24,2.51,7.92
Lithuania,2007,3.59,2.6,28.88,3,8.17
Lithuania,2008,4.41,2.53,21.51,4.69,10.07
Lithuania,2009,4.65,0.73,19.92,4.71,12.49
Lithuania,2010,5.17,0.74,18.76,4.39,12.63
Lithuania,2011,4.66,0.76,18.96,4.19,13.44
Lithuania,2012,5.22,1.61,15.86,5.39,13.19
Lithuania,2013,5.51,0.98,16.97,5.17,14.81
Lithuania,2014,5.8,1.4,18.28,4.57,14.63
Lithuania,2015,6.37,1.65,18.42,5.4,16.39
Lithuania,2016,6,1.92,18.93,4.11,16.11
Lithuania,2017,6.22,1.77,20.23,6.4,19.27
Lithuania,2018,6.42,1.39,21.59,4.21,19.77
Lithuania,2019,5.08,1.22,21.98,4.65,19.76
Lithuania,2020,5.8,1.18,27.23,3.79,20.43
Lithuania,2021,4.95,1.57,27.03,4.81,20.33
Lithuania,2022,5.72,1.31,27.64,5.08,21.21
Luxembourg,2000,,1.83,30.5,,
Luxembourg,2001,,0,36.88,,
Luxembourg,2002,,2.02,30.04,,
Luxembourg,2003,,0,28.1,,
Luxembourg,2004,,1.75,21.18,,
Luxembourg,2005,,0,19.35,,
Luxembourg,2006,,1.27,18.82,,
Luxembourg,2007,,0,18.33,,
Luxembourg,2008,,0.82,16.56,,
Luxembourg,2009,,0,17.87,,
Luxembourg,2010,,0.79,19.92,,
Luxembourg,2011,,0.77,25.1,,
Luxembourg,2012,,0.75,24.48,,
Luxembourg,2013,,0.37,11.23,,
Luxembourg,2014,,0,12.95,,
Luxembourg,2015,,0.7,12.81,,
Luxembourg,2016,,0.69,14.58,,
Luxembourg,2017,,1.01,11.24,,
Luxembourg,2018,,0.82,11.68,,
Luxembourg,2019,,0.81,13.23,,
Luxembourg,2020,,0.79,10.95,,
Luxembourg,2021,,1.25,12.19,,
Luxembourg,2022,,0.92,10.41,,
Luxembourg,2023,,0.3,9.57,,
Mexico,2000,3.66,,1.86,0.86,9.3
Mexico,2001,3.51,,2.61,0.94,8.91
Mexico,2002,3.56,,3.06,0.95,10
Mexico,2003,3.44,,2.75,1.09,9.55
Mexico,2004,3.88,,3.9,1.22,10.79
Mexico,2005,4.21,,4.77,1.45,11.33
Mexico,2006,3.89,,5.28,1.23,10.17
Mexico,2007,3.98,,6.47,1.28,11.27
Mexico,2008,4.52,,6.58,1.48,11.96
Mexico,2009,4.71,,8.17,1.38,11.53
Mexico,2010,4.6,,9.55,1.55,11.46
Mexico,2011,4.66,,9.95,1.68,11.83
Mexico,2012,4.95,,10.54,1.78,11.97
Mexico,2013,3.83,,10.76,1.63,10.2
Mexico,2014,4.31,,10.6,1.76,10.76
Mexico,2015,4.09,,12.03,1.83,10.99
Mexico,2016,4.39,,15.59,2.05,12.49
Mexico,2017,6.83,,14.42,1.64,13.37
Mexico,2018,6.25,,15.84,4.16,12.24
Mexico,2019,6.39,,17.48,3.22,13.75
Mexico,2020,4.99,,15.52,2.43,11.61
Mexico,2021,5.52,,17.05,2.74,14.99
Mexico,2022,6.4,,18.48,3.29,14.46
Netherlands,2000,0.77,0.64,28.49,1.12,8.9
Netherlands,2001,1.19,0.67,36.11,1.09,8.87
Netherlands,2002,0.97,0.61,39.02,1.34,9.73
Netherlands,2003,1.29,0.59,38.47,1.4,10.19
Netherlands,2004,1.11,0.72,35.74,1.5,10.47
Netherlands,2005,1.15,1.02,33.13,0.91,10.76
Netherlands,2006,1.36,1.01,34.03,1.07,11.27
Netherlands,2007,1.66,0.97,35.87,0.8,12.32
Netherlands,2008,1.48,0.85,37.56,0.76,12.29
Netherlands,2009,1.5,0.91,38.25,0.9,12.55
Netherlands,2010,1.52,0.85,39.24,0.85,13.7
Netherlands,2011,1.68,0.9,37.02,1.14,14.74
Netherlands,2012,1.37,0.78,36.05,1.01,14.74
Netherlands,2013,1.07,0.89,36.54,1.25,14.4
Netherlands,2014,1.01,0.83,39.31,1.42,14.53
Netherlands,2015,1.42,0.89,41.68,1.36,14.64
Netherlands,2016,1.35,0.82,43.28,1.29,15.33
Netherlands,2017,1.34,0.88,52.77,1.05,15.94
Netherlands,2018,1.28,0.93,57.57,1.28,15.78
Netherlands,2019,1.33,0.86,58.58,1.33,15.11
Netherlands,2020,1.43,0.86,59.97,0.97,14.33
Netherlands,2021,1.37,0.91,62.8,1.2,15.46
Netherlands,2022,1.47,0.96,62.08,1.36,14.07
New Zealand,2000,1.81,3.24,31.78,,7.41
New Zealand,2001,1.78,2.09,31.41,,6.98
New Zealand,2002,1.9,2.25,29.22,,7.22
New Zealand,2003,1.79,2.73,27.91,,7.5
New Zealand,2004,1.64,2.54,31.78,,6.95
New Zealand,2005,1.84,2.76,31.69,4.06,7.18
New Zealand,2006,1.94,2.46,33.52,4.52,6.86
New Zealand,2007,1.94,2.56,31.2,4.76,6.72
New Zealand,2008,1.83,2.56,32.21,5.07,7.23
New Zealand,2009,2.05,2.49,31.21,4.72,7.83
New Zealand,2010,2.09,2.9,33.42,4.46,7.29
New Zealand,2011,2.1,2.94,34.72,4.84,8.01
New Zealand,2012,2.4,3.38,36.91,4.7,7.89
New Zealand,2013,2.3,3.31,44.26,4.84,8.53
New Zealand,2014,2.3,2.97,45.89,4.58,8.68
New Zealand,2015,2.1,2.82,45.82,4.95,8.66
New Zealand,2016,2.18,2.69,45.95,4.94,9.42
New Zealand,2017,2.1,3.03,45.2,4.78,9.08
New Zealand,2018,2.06,3.51,42.52,4.65,9.67
New Zealand,2019,2.29,4.3,39.87,4.5,9.9
New Zealand,2020,2.38,2.26,40.9,5.89,10.37
New Zealand,2021,2.39,2.41,43.24,5.01,10.62
New Zealand,2022,1.85,3.18,46.94,4.86,10.4
New Zealand,2023,1.86,,,5.4,10.04
Norway,2000,1.96,2.72,69.87,1.49,9.08
Norway,2001,1.64,1.31,73.73,1.46,9.17
Norway,2002,2.18,2.27,75.85,1.43,8.33
Norway,2003,1.8,1.82,75.9,1.53,10.12
Norway,2004,2.13,1.7,75.17,1.83,10.13
Norway,2005,2.03,1.71,79,1.54,10.1
Norway,2006,2.4,1.07,77.09,1.78,9.89
Norway,2007,2.21,2.08,78.49,1.87,10.55
Norway,2008,2.24,1.91,68.83,3.23,10.4
Norway,2009,2.69,2.28,72.23,3.83,10.69
Norway,2010,2.31,1.82,66.68,1.9,11.27
Norway,2011,2.73,2.06,67.58,2.14,11.47
Norway,2012,2.97,2.15,70.17,2.25,12.33
Norway,2013,2.54,2.11,71.91,2.36,11.38
Norway,2014,2.3,2.06,73.27,3.6,11.04
Norway,2015,2.12,1.75,73.43,3.97,11.18
Norway,2016,2.85,3.15,76.07,2.37,11.08
Norway,2017,2.35,2.2,79.8,2.35,11.1
Norway,2018,2.26,2.28,80.14,2.62,10.2
Norway,2019,2.34,2.73,79.82,3.12,11.33
Norway,2020,2.12,2.7,75.65,2.14,10.91
Norway,2021,2.31,2.03,77.53,2.53,10.26
Norway,2022,1.89,2.86,78.47,1.78,9.14
Norway,2023,2.49,2.11,84.16,2.2,10.83
Poland,2000,2.19,,1.1,2.61,6.03
Poland,2001,2.33,,1.76,2.58,6.44
Poland,2002,2.46,,2.42,2.65,6.63
Poland,2003,2.31,0.15,2.47,2.83,6.57
Poland,2004,2.05,0.57,4.31,,6.82
Poland,2005,2.31,1.59,7.08,2.55,6.16
Poland,2006,2.29,3.2,18.19,3.05,6.05
Poland,2007,1.89,3.27,20.77,3.22,6.69
Poland,2008,2.2,3.64,24.1,3.29,7.15
Poland,2009,2.47,4.73,22.09,3.24,7.31
Poland,2010,2.43,4.56,25.06,3.13,8
Poland,2011,2.49,5.74,44.96,3.37,8.69
Poland,2012,2.48,3.4,25.77,3.17,9.21
Poland,2013,2.54,3.27,26.74,3.36,9.76
Poland,2014,2.38,2.88,21.59,3.23,9.59
Poland,2015,2.43,2.65,23.15,3.09,10.11
Poland,2016,2.41,1.94,10.79,3.11,10.37
Poland,2017,2.54,1.96,11.62,2.93,10.82
Poland,2018,2.75,2.07,13.99,2.7,10.43
Poland,2019,2.63,2.42,14.12,2.68,11.84
Poland,2020,2.8,2.31,13.69,2.66,12.09
Poland,2021,3.11,2.37,15.12,2.65,13.28
Poland,2022,3.18,2.98,19.58,2.83,14.69
Poland,2023,2.77,2.67,19.08,2.7,15.08
Portugal,2000,3.98,,16.69,6.02,5.87
Portugal,2001,3.86,,18.59,5.79,5.72
Portugal,2002,4.12,,4.02,5.99,5.29
Portugal,2003,3.25,,17.54,6.13,5.77
Portugal,2004,4.09,,21.04,5.51,6.62
Portugal,2005,4.51,,28.13,6.93,7.01
Portugal,2006,5.46,,32.85,8,7.72
Portugal,2007,5.43,,34.09,8.32,9.76
Portugal,2008,7.06,,33.82,11.28,10.43
Portugal,2009,7.14,,35.88,12.94,10.65
Portugal,2010,7.45,,35.05,10.45,11.94
Portugal,2011,6.84,,32.07,11.09,12.17
Portugal,2012,5.63,,28.53,11.38,13.24
Portugal,2013,5.89,,25.45,11.04,13.61
Portugal,2014,6.16,,25.66,12.26,14.91
Portugal,2015,6.65,,26.16,11.93,15.82
Portugal,2016,6.46,,24.41,10.12,16.39
Portugal,2017,6.2,,24.39,9.25,16.03
Portugal,2018,6.15,,24.96,9.04,17.03
Portugal,2019,7.43,,26.39,8.41,15.73
Portugal,2020,8.7,,25.68,8.3,15.59
Portugal,2021,8.34,,27.6,9.17,16.16
Portugal,2022,9.02,,25.99,8.31,15.99
Romania,2000,4.5,,57.88,2.22,14.6
Romania,2001,4.28,,48.68,2.62,15.64
Romania,2002,4.59,,58.54,2.6,14.64
Romania,2003,4.69,,56.01,3.43,15.15
Romania,2004,5.43,,58.56,3.65,15.72
Romania,2005,4.65,,51.32,3.81,14.99
Romania,2006,4.8,0.04,49.08,3.11,13.78
Romania,2007,4.22,0.13,46.15,3.53,13.14
Romania,2008,4.52,0.82,55.95,3.83,12.38
Romania,2009,5.2,0.71,60.82,4.55,13.62
Romania,2010,6.31,0.77,64.09,6.44,14.32
Romania,2011,6.27,0.69,83.03,7.46,15.04
Romania,2012,6.37,0.37,93.93,9.02,15.8
Romania,2013,7.48,0.41,102.22,8.38,14.82
Romania,2014,7.7,0.25,110.79,7.54,17.56
Romania,2015,9.11,,112.06,8.37,19.63
Romania,2016,10.36,,107.93,7.74,22.17
Romania,2017,10.62,,97.72,7.98,23.53
Romania,2018,10.66,,95.79,8.53,26.05
Romania,2019,9.98,,90.57,8.36,25.63
Romania,2020,10.48,,99.89,8.22,26.3
Romania,2021,10.1,0.33,108.57,7.22,26.18
Romania,2022,9.89,0.38,100.34,6.8,26.14
Slovak Republic,2000,1.09,2.78,53.77,3.09,10.78
Slovak Republic,2001,0.97,1.51,49.52,3.07,9.83
Slovak Republic,2002,0.87,2.32,51.78,2.86,9.93
Slovak Republic,2003,1,1.77,41.23,3.05,10.65
Slovak Republic,2004,0.93,1.47,61.03,3.05,10.59
Slovak Republic,2005,1.13,1.15,32.13,2.8,10.34
Slovak Republic,2006,0.87,2.17,69.23,3.28,9.44
Slovak Republic,2007,0.91,2.5,,3.08,9.91
Slovak Republic,2008,0.83,1.2,50.18,2.89,8.47
Slovak Republic,2009,0.81,1.62,56.5,4.36,7.77
Slovak Republic,2010,1.38,1.51,45.53,5.36,11.69
Slovak Republic,2011,1.76,1.28,46.2,5.82,12.67
Slovak Republic,2012,1.83,1.09,44.67,7.56,13.59
Slovak Republic,2013,2.36,2.31,42.88,6.84,15.94
Slovak Republic,2014,2.51,1.2,35.3,7.01,13.51
Slovak Republic,2015,2.14,1.33,34.16,6.78,15.63
Slovak Republic,2016,2.41,1.16,29.87,7.6,16.04
Slovak Republic,2017,2.54,0.74,30.96,6.8,16.88
Slovak Republic,2018,2.26,1.41,26.44,5.47,17.66
Slovak Republic,2019,2.93,0.81,21.89,4.84,18.04
Slovak Republic,2020,2.4,1.08,18.45,5.53,19.8
Slovak Republic,2021,2.83,1.4,24.29,4.23,19.18
Slovak Republic,2022,2.61,0.98,24.69,4.4,19.13
Slovenia,2021,1.99,1.28,32.89,5.22,13
Slovenia,2022,2.99,1.42,32.62,8.39,11.38
Slovenia,2023,2.36,0.94,33.43,6.28,10.95
Spain,2000,1.89,,21.34,8.44,10.41
Spain,2001,2.6,,21.07,7.58,10.05
Spain,2002,2.3,,20.27,6.84,9.89
Spain,2003,2.7,,20.69,6.38,9.5
Spain,2004,2.59,,19.88,6.17,9.83
Spain,2005,2.45,,19.92,5.58,9.31
Spain,2006,2.42,,19.76,5.06,8.91
Spain,2007,2.52,,19.34,5,8.49
Spain,2008,3.21,,19.54,4.5,8.53
Spain,2009,2.78,0.76,20.43,4.88,8.37
Spain,2010,3.05,0.76,21.69,4.83,9.23
Spain,2011,2.98,0.86,24.94,5.09,8.98
Spain,2012,3.28,0.96,17.52,5.63,9.53
Spain,2013,3.45,0.98,18.85,5.59,10.24
Spain,2014,3.84,0.96,25.19,6.18,11.99
Spain,2015,3.75,0.9,23.2,5.91,13.04
Spain,2016,3.72,0.82,22.77,5.76,13.4
Spain,2017,3.56,0.77,21.74,5.43,14.5
Spain,2018,3.28,0.78,21.26,5.38,14.26
Spain,2019,3.32,0.78,21.76,5.62,13.96
Spain,2020,3.76,0.76,22.36,6.2,13.94
Spain,2021,3.75,0.79,23.03,6.39,14.19
Spain,2022,3.89,0.82,23.45,5.72,13.29
Spain,2023,,0.88,,,
Sweden,2000,1.65,1.72,32.66,2.72,9.06
Sweden,2001,1.5,2.03,33.66,2.74,9.13
Sweden,2002,1.24,1.59,36.28,3.08,8.68
Sweden,2003,1.94,1.69,38.2,3.59,9.38
Sweden,2004,1.48,2.23,42.68,3.62,8.89
Sweden,2005,1.95,2.21,50.53,4.63,8.91
Sweden,2006,2.33,2.14,49.93,5.43,10.02
Sweden,2007,1.86,2.33,45.74,5.06,10.19
Sweden,2008,1.97,2.86,44.62,4.44,10.3
Sweden,2009,2.11,2.94,42.59,4.33,10.68
Sweden,2010,2.36,2.98,43.52,4.15,10.33
Sweden,2011,2.26,2.68,44.57,4.06,10.7
Sweden,2012,2.13,2.94,39.85,3.67,11.88
Sweden,2013,2.25,2.64,40.07,3.84,10.28
Sweden,2014,2.51,2.85,39.86,3.87,11.25
Sweden,2015,2.79,2.82,39.5,4.06,12.41
Sweden,2016,2.39,3.12,41.6,4.11,11.98
Sweden,2017,2.91,3.41,41.48,3.44,12.74
Sweden,2018,2.43,3.66,42.62,4.63,13.11
Sweden,2019,2.59,3.44,43.22,4.49,13.47
Sweden,2020,2.7,3.33,43.48,3.92,13.57
Sweden,2021,2.56,3.37,44.14,4.22,14.15
Sweden,2022,2.72,3.05,42.2,4.36,13.89
Switzerland,2000,1.2,1.59,57.35,2.1,10.52
Switzerland,2001,1.13,1.55,67.77,1.99,10.85
Switzerland,2002,1.32,1.32,59.85,1.99,9.62
Switzerland,2003,1.28,1.34,67.83,1.74,8.52
Switzerland,2004,1.41,1.46,63.15,1.68,9.13
Switzerland,2005,1.48,1.41,61.05,1.59,8.36
Switzerland,2006,1.58,1.28,60.78,1.67,7.94
Switzerland,2007,1.66,1.36,65.69,1.5,8.1
Switzerland,2008,1.5,1.32,67,1.73,8.72
Switzerland,2009,1.55,1.78,74.1,2.01,9.41
Switzerland,2010,1.35,0.87,76.46,2.49,10.39
Switzerland,2011,1.31,0.8,78.25,2.05,9.4
Switzerland,2012,1.31,1.83,71.26,2.4,9.78
Switzerland,2013,1.26,1.85,83.19,2.53,9.72
Switzerland,2014,1.17,1.89,92.98,2.54,10.54
Switzerland,2015,1.56,1.93,95.6,2.38,10.79
Switzerland,2016,1.39,2.03,98.23,2.83,10.57
Switzerland,2017,1.36,1.83,100.88,2.85,11.19
Switzerland,2018,1.43,1.98,106.17,2.62,11.69
Switzerland,2019,1.55,2.02,108.09,2.66,11.86
Switzerland,2020,1.42,2.18,111.87,2.57,12.91
Switzerland,2021,1.55,2.01,112.6,3.18,12.51
Switzerland,2022,1.23,2.18,111.83,3,13.26
TÃ¼rkiye,2000,1.38,0.46,2.29,1.25,8.05
TÃ¼rkiye,2001,1.54,0.9,3.29,1.07,7.56
TÃ¼rkiye,2002,1.23,0.82,3.89,1.39,7.2
TÃ¼rkiye,2003,1.28,1.25,4.49,1.19,6.56
TÃ¼rkiye,2004,1.26,3.72,6.19,1.31,6.64
TÃ¼rkiye,2005,1.25,4.42,7.87,1.15,6.57
TÃ¼rkiye,2006,1.1,3.32,8.24,1.29,6.54
TÃ¼rkiye,2007,1.4,3.55,9.98,1.4,6.94
TÃ¼rkiye,2008,1.4,1.87,5.68,1.36,6.69
TÃ¼rkiye,2009,1.29,1.74,5.95,1.35,7.06
TÃ¼rkiye,2010,1.3,1.73,15.86,1.11,7.02
TÃ¼rkiye,2011,1.48,1.88,18.92,1.33,6.71
TÃ¼rkiye,2012,1.44,2.45,19.77,1.35,6.58
TÃ¼rkiye,2013,1.72,3.71,26.06,1.47,6.79
TÃ¼rkiye,2014,2.03,3.55,28.86,1.59,6.7
TÃ¼rkiye,2015,2.19,3.17,38.62,1.67,8.82
TÃ¼rkiye,2016,2.68,3.53,71.95,1.83,9.65
TÃ¼rkiye,2017,3.22,3.33,18.84,1.92,10.62
TÃ¼rkiye,2018,3.66,3.31,19.35,2.12,11.54
TÃ¼rkiye,2019,3.78,3.39,18.67,2.13,13.14
TÃ¼rkiye,2020,4.63,4.17,18.27,2.5,14.28
TÃ¼rkiye,2021,4.96,3.93,18.48,2.8,15.73
TÃ¼rkiye,2022,5.42,,,3.19,17.07
United Kingdom,2000,,,,,7.53
United Kingdom,2001,,,,,7.22
United Kingdom,2002,,,24.49,,9.18
United Kingdom,2003,,,30.34,,10.33
United Kingdom,2004,,1.67,32.46,,11.05
United Kingdom,2005,,1.71,29.97,,11.29
United Kingdom,2006,,1.85,30.45,,12.15
United Kingdom,2007,,1.93,31.02,,12.26
United Kingdom,2008,,2.08,32.16,,13.13
United Kingdom,2009,1.74,2.07,29.42,5.03,13.19
United Kingdom,2010,1.85,2.14,27.55,5.28,13.53
United Kingdom,2011,1.88,2.29,27.24,5.18,13.33
United Kingdom,2012,1.91,2.57,29.88,5.34,13.88
United Kingdom,2013,1.87,2.8,31.41,5.54,13.18
United Kingdom,2014,1.85,2.69,29.06,5.49,13.45
United Kingdom,2015,1.94,4.2,51.09,5.44,13.61
United Kingdom,2016,2.06,3.99,47.29,5.33,12.93
United Kingdom,2017,1.97,4.25,46.33,5.51,13.01
United Kingdom,2018,1.85,4,47.58,5.3,12.9
United Kingdom,2019,1.8,4.12,44.77,4.99,13.07
United Kingdom,2020,2.01,3.67,42.47,5.02,13.04
United Kingdom,2021,1.67,3.74,42.14,4.95,13.18
United Kingdom,2022,1.95,3.59,43.21,4.7,13.58
United States,2000,1.48,,36.5,2.57,6.38
United States,2001,1.53,0.19,35.8,2.46,6.42
United States,2002,1.51,0.17,37.25,2.63,6.33
United States,2003,1.53,0.15,40.86,2.58,6.25
United States,2004,1.49,0.16,45.76,2.79,6.33
United States,2005,1.52,0.14,50.59,2.8,6.27
United States,2006,1.51,0.15,55.03,3.03,6.25
United States,2007,1.56,0.13,57.6,3.26,6.35
United States,2008,1.58,0.15,61.1,3.45,6.42
United States,2009,1.59,0.16,63.43,3.58,6.7
United States,2010,1.62,0.17,65.18,3.71,6.62
United States,2011,1.64,0.13,65.05,3.83,6.91
United States,2012,1.68,0.21,66.42,4.05,6.95
United States,2013,1.71,0.25,63.39,4.18,7.27
United States,2014,1.74,0.24,62.96,4.35,7.25
United States,2015,1.81,0.23,63.09,4.36,7.49
United States,2016,1.84,0.26,61.82,4.51,7.56
United States,2017,1.92,0.21,61.8,4.46,7.77
United States,2018,1.93,0.27,63.16,4.56,7.95
United States,2019,1.93,0.3,65.55,4.51,8.11
United States,2020,1.99,0.26,65.17,4.32,8.24
United States,2021,2.01,,66.51,4.28,8.53
United States,2022,2.02,,67.54,4,8.63
United States,2023,,,,,8.47
