Country,2000,2001,2002,2003,2004,2005,2006,2007,2008,2009,2010,2011,2012,2013,2014,2015,2016,2017,2018,2019,2020,2021,2022
Angola,1.90859938,4.48351622,3.32946134,3.54797316,3.96719909,2.85219526,2.68553543,2.97439122,3.32290339,3.84260798,2.69509959,2.64560771,2.39574957,2.73282695,2.43412876,2.60579467,2.71314979,2.79383755,2.58879566,2.47517991,3.22070646,2.96010613,:
Benin,2.9591713,3.30417323,3.09589195,3.11678505,3.23273873,3.22345805,3.28773856,2.93715644,2.65178108,2.88892651,3.00988984,2.99707985,3.07562971,2.86880755,2.69111967,2.72813416,2.79549599,2.66813827,2.88632059,2.50914454,2.46970391,2.58129549,:
Botswana,6.10838556,6.3660779,6.66529799,6.40933847,6.09125996,5.26532936,4.87599421,5.52080727,5.89747286,6.62081194,6.26718187,5.86915016,6.35010576,6.49913645,5.8804059,6.10287762,5.76837635,6.62986994,6.04010344,6.12193203,6.1213398,6.30929565,:
Burkina Faso,2.9502635,2.88835382,2.97113013,3.14307284,4.21720934,3.95109582,4.51446247,5.23373222,4.64780712,5.08159161,5.23958349,4.64868164,4.60267258,5.56331587,5.00027227,5.13192415,5.96067238,6.02490044,5.0057807,5.31868935,6.50193262,6.37691164,:
Burundi,4.22181606,5.68180418,5.34983587,5.27245188,7.09572744,7.56016588,8.71264839,9.1855402,7.74147511,9.23238468,11.28196716,10.06996346,8.63756466,8.62834644,7.21081543,6.29022646,7.06148243,6.95275736,7.29396152,9.05010796,10.71837234,9.10190964,:
Cabo Verde,4.43401194,4.75244379,4.7555151,4.50008631,4.37710667,4.27364111,4.48974991,4.18900156,3.58312893,3.88152432,4.47555733,4.30527449,5.13365459,5.28994226,5.32722235,4.82334185,4.84606647,5.2683692,4.73804712,4.56319857,6.12421703,6.90378904,:
Cameroon,4.11237431,3.88486743,4.02669907,3.90227985,3.72798967,3.77274442,3.73662806,3.70858574,3.65843678,3.49997187,3.57742167,3.85282946,3.9310236,3.63111043,3.78765464,3.59505081,3.5937767,3.39752436,3.61970162,3.65157914,3.77177453,3.82407379,:
Central African Republic,4.27478504,3.95594192,4.22761345,4.39720297,4.30442286,4.36732149,4.44105434,4.71851492,4.08699083,4.81901121,3.56699872,3.67561865,3.91814446,4.76660204,4.56557369,5.03434181,5.44402313,6.66541576,10.99657822,7.76124763,8.98538017,9.06853294,:
Chad,5.45750713,5.2932992,7.26787424,5.50940943,5.50012684,4.84111166,4.86643076,4.34313393,4.05955124,4.44166946,4.06023312,3.91046357,3.8560791,4.06645298,4.27316904,4.52395248,4.73396969,4.64740467,4.56768799,4.59277868,5.53655243,5.19022274,:
Comoros,7.5153451,6.65322924,6.68114853,6.65392351,6.58027744,6.12521315,5.77074099,5.41753864,5.06897497,4.92694378,4.99181557,5.3021183,5.17354631,5.10299349,5.23849726,4.60089922,4.65263557,5.26807451,4.90318584,5.18044472,5.86521959,6.33513117,:
Algeria,3.48903275,3.83787704,3.7300415,3.60104108,3.5440731,3.23516107,3.35510349,3.82141757,4.20188284,5.35939837,5.11716986,5.26748085,6.00050974,6.03576279,6.54721403,6.96321011,6.58904791,6.53307724,6.38729763,5.86751413,6.14268684,5.5283432,:
Congo,1.50500846,2.18529987,1.70167828,1.91852403,1.92152369,1.71774101,1.70861316,1.90200174,2.2392714,2.1422224,1.85172856,1.75237322,1.90971065,1.94347155,1.97311735,2.45668483,2.77497125,2.52240992,1.8976357,2.54176092,4.39382887,3.87537813,:
Côte d'Ivoire,6.12679291,6.01767921,5.90386152,5.47972536,5.47516584,5.00639105,4.76326609,4.55249786,4.56869602,4.46966648,4.41577387,4.39700699,4.4273715,3.71773791,3.7310183,3.2198832,3.32101274,3.24693036,3.0916779,3.21496511,3.62587261,3.13269377,:
Democratic Republic of the Congo,1.46594739,2.62310958,2.57012916,3.73353338,4.33564186,3.98558235,4.06210661,3.89384961,4.31254768,4.51133156,3.72224283,3.19435549,3.2215035,3.34057522,3.72520614,3.74785447,4.20027828,4.00057793,3.24127173,3.508039,4.05092573,3.7859261,:
Equatorial Guinea,1.10720015,1.20301282,2.74982452,1.82749987,1.45293343,1.29643106,1.29171956,1.30166054,1.11555648,1.76790214,1.62134683,1.42923808,1.51459265,1.64174569,1.75401485,2.34058356,2.8594172,2.74714279,2.85223937,3.16833544,3.89984655,3.40450907,:
Eritrea,5.76670074,5.91931677,6.68857431,7.33703375,7.00984955,6.8641758,6.85727453,5.2786293,6.415205,5.38878489,4.83844233,5.16795397,3.7449646,4.97097206,4.02524328,4.45034695,3.6608541,3.98912001,4.12701797,4.58734369,4.15886974,4.15077114,:
Eswatini,4.60951757,5.13895369,5.52298307,6.37864399,6.81432486,7.37623358,7.82560062,7.93004131,8.85792923,8.63292217,8.5912571,8.46997261,7.82047606,7.45703411,7.25596571,7.05855274,6.82044792,6.98103714,6.62469387,7.15369368,6.59767151,7.03582335,:
Ethiopia,4.36504698,4.72316694,4.7126298,4.89970922,4.31281853,4.10098124,4.45757294,5.00128317,4.28063869,4.64983416,5.46637249,4.46897745,4.5395956,4.07506514,4.03365517,3.82316828,3.60033751,3.45336914,3.30371761,3.23382378,3.48096275,3.20824432,:
Gabon,2.90186048,3.14902449,3.3248477,3.53258252,3.33045959,2.9324131,3.14333963,3.16288781,2.78980231,3.83571577,2.47556901,2.55771565,2.42097569,2.84087205,2.53282261,2.65743947,3.1076982,2.78068876,2.74500418,2.76836324,3.41300368,2.70633149,:
Gambia,6.65441465,5.63960838,6.27723551,5.32621098,5.42000151,5.38602448,5.43720865,4.95501947,4.65938807,4.46430683,4.11944056,4.36967373,4.26872253,3.91374874,3.05234575,3.1761291,3.19523716,3.35449266,3.34384227,3.158566,3.72824287,3.18962693,:
Ghana,2.790447,3.17077661,2.88721824,2.82690215,2.76365352,3.63137388,3.67091465,3.80248857,3.87511325,4.37879181,4.22398996,4.69264126,4.00799608,4.59225416,4.01644135,4.5429678,3.39035821,3.73087549,3.80673027,4.29847813,4.01752424,4.15176868,:
Guinea,4.74825478,4.89139318,5.36402321,4.78055525,4.78467607,4.04512262,3.61521959,3.46627593,3.26562262,3.58147597,3.42782617,3.78955102,3.50398517,3.46108699,4.787992,5.80919266,5.39694929,3.91512918,3.73843002,4.08876228,3.876436,3.75556707,:
Guinea-Bissau,4.18953228,4.53104782,3.96902514,3.53315258,4.27734661,4.5516243,5.0809288,5.03941393,5.45864058,4.73428679,5.26704073,6.21634817,5.94134808,7.03943443,9.96897411,8.13228226,8.32881451,7.00049543,7.28130722,7.16052532,9.02139282,8.2233429,:
Kenya,3.62714171,3.76578307,3.84691834,4.05870771,4.23645926,4.24245214,5.11269999,5.22106314,5.28900909,5.26973343,5.38849831,5.20212841,5.0180583,4.93100405,4.91267347,4.76439571,4.75429106,3.98597503,4.09903383,4.36874676,4.47622252,4.54763126,:
Lesotho,5.6117692,7.27745867,6.54458666,6.04550791,6.05738831,5.44926691,6.11966372,7.22254515,7.66656303,8.95305061,7.64088917,9.07558823,10.04389858,10.99592113,9.99930382,9.2965641,9.24261093,10.57480335,11.114995,11.94662285,10.27927017,10.21370411,:
Liberia,2.87913179,2.27906799,2.28035998,2.66176748,6.3381567,7.14322186,6.06891537,4.32794046,5.99615717,11.57163811,10.35444641,9.71052551,8.15444565,7.09007835,8.77403069,10.46927643,9.90062618,10.47271252,10.35222721,8.42100334,16.96832657,16.6163311,:
Madagascar,3.99177575,4.11513805,4.92547607,5.00276518,5.25089979,5.2155776,5.07203817,4.60865784,4.08111715,4.38469839,4.69762659,4.521595,3.9110589,3.75156283,4.46240282,5.0062542,5.33248854,4.80225992,4.22846937,3.10129309,3.72316122,3.5045228,:
Malawi,2.35247517,2.06040049,2.69725966,3.32019806,4.07199907,4.30046511,4.91223288,5.44258356,6.10668802,5.87333822,5.14304781,5.32226658,6.02199793,8.22379494,6.89776182,6.62879086,7.72703791,7.58438921,6.87366676,7.15010023,7.0088768,7.41194487,:
Mali,5.46631575,4.51950884,4.99773645,5.0505991,5.21767759,5.19516516,5.45589256,5.25303173,5.02686644,5.2122364,4.67865133,4.01483774,3.7521615,3.96750712,4.48158312,4.11143351,3.77377558,3.67425752,3.73249912,3.82943797,3.47597885,4.47341442,:
Mauritania,3.37824655,3.5718379,4.00224972,4.03254652,3.70429492,3.40312648,2.70252752,2.87644005,3.01338983,3.11034036,2.63618922,2.47383666,2.64919329,2.86799884,3.46724391,3.67363763,3.09630585,3.31550789,3.17838526,3.30148649,3.38773394,4.12218571,:
Mauritius,2.85734653,2.92151856,3.18897271,3.18201613,3.31652546,3.51794028,3.60573649,3.52321672,3.93896508,4.17035627,4.51898289,4.25059652,4.21993399,4.620821,5.38024664,5.55042362,5.54289532,5.61408615,5.63982916,6.02485895,6.48210192,6.39258909,:
Mozambique,2.18767238,2.87893057,3.2773509,3.39533854,3.67226458,4.37538815,4.08873844,3.93067098,4.22139311,5.20390034,5.43892908,5.00311899,5.24640608,6.12585449,6.33251858,6.71663332,7.28134441,7.83763266,8.0889616,7.95272589,7.56957626,9.05218315,:
Namibia,9.23999977,9.64409447,9.68074989,9.91340542,10.12623405,10.08441544,10.57086945,10.71633053,9.91801167,9.04967022,9.72781372,9.83193302,9.26659298,9.06448746,8.4089098,9.98109627,9.3223238,8.72573948,8.31648731,8.43033981,8.90162563,9.38092136,:
Niger,4.65891504,4.72659349,4.82717037,4.74740648,4.97818327,5.87749624,5.99335575,5.43105888,5.24640608,5.33850145,4.96100473,4.87323856,4.30732679,4.46636009,4.45377159,5.34745932,4.53239059,5.57609606,5.30310822,5.66642094,6.17012262,5.81452751,:
Nigeria,3.1973834,3.18946862,2.49063969,5.05360985,4.63368416,4.46591949,4.25775146,3.90997243,3.69581532,3.5801971,3.29653287,3.32077932,3.35984254,3.4206934,3.34840417,3.58194995,3.64773679,3.74762511,3.09069347,2.98547053,3.38063431,4.07625723,:
Rwanda,3.57583427,3.31599975,3.13122177,6.93491793,7.50929976,7.72549963,7.60959911,7.86212587,7.5670433,7.80694866,8.08696938,7.93879843,8.10667801,6.77649164,6.98844194,6.65446424,6.96060848,6.38999748,6.69894743,6.34386826,7.47530079,7.32305002,:
Sao Tome and Principe,10.51756001,10.83865166,10.69723701,12.6639061,11.91980934,11.55062962,8.30422878,8.20471764,7.16872263,7.24220848,6.86072636,6.76036882,6.47629499,7.93743753,6.73101807,5.34009647,6.43088865,6.46181059,5.50957823,5.29584646,7.30042553,7.82528496,:
Senegal,3.55015397,3.68148756,3.95294404,4.29703569,4.56856203,3.67466521,3.76337624,3.41496587,3.50687575,3.841573,4.02764368,4.21416712,4.26688004,4.38573599,4.38962269,4.37789631,4.25606871,4.16359377,4.43182087,4.49531031,5.15119171,4.35098124,:
Seychelles,4.61071777,5.01642942,4.35287333,5.08738041,4.90274191,4.66865683,4.39767885,3.85076666,3.61745405,3.54135323,4.50142097,4.46079111,5.39592934,4.24818325,4.59131193,4.37339973,4.96118879,4.76658726,4.94443846,4.77020788,6.54135609,5.25937986,:
Sierra Leone,8.48961735,8.36564541,9.40313911,8.4533062,8.67061424,9.04395866,9.02353287,8.52283859,8.81158161,9.68422222,9.12688351,10.76753807,8.94355106,11.59017754,19.69004631,19.65816307,15.78850651,9.3997612,8.28987598,9.12992668,9.32588673,8.55334282,:
South Africa,7.3366189,7.12327909,6.67774487,7.04098177,6.938416,6.86216164,6.87650871,6.90510845,7.14832258,7.64941454,7.79358244,7.94434404,8.00428867,8.10322285,7.87136555,8.05304241,8.07959366,7.97711229,8.08820343,8.24418926,8.57258797,8.27309132,:
South Sudan,:,:,:,:,:,:,:,:,:,:,:,:,:,:,:,:,:,15.9569149,10.05615997,9.03740788,9.44806385,5.86061621,:
Togo,2.79418182,2.88543367,2.90227056,2.93837667,3.0855279,3.3024261,3.44603634,3.8666532,3.84063601,4.07616663,4.45493317,4.55412722,4.80787134,4.94373512,5.07998943,4.95647097,6.59755707,6.49392271,6.08894634,5.726192,6.03786469,5.55532026,:
Uganda,5.08276892,5.05207348,4.77135611,4.29918194,4.7002449,5.80518579,6.46332979,6.1131134,5.45476198,5.78845549,6.80890226,6.6959095,6.10853958,5.78252411,5.33653069,5.0745697,4.96169233,3.99788952,4.02080536,3.79834843,4.30198574,4.67196703,:
United Republic of Tanzania,3.41529942,4.23551702,4.68907642,5.34231472,5.7373414,6.32282543,7.598279,6.88427973,5.55704737,5.06306362,5.22392178,5.0559845,5.01779366,4.64643383,4.01492071,3.64969945,3.96350336,4.08257437,4.16191673,3.88136053,2.93978429,3.36136484,:
Zambia,4.17365646,4.82995701,5.88845205,5.99553585,5.48490572,6.33088684,5.5774231,4.57961416,4.46690989,5.15718842,3.97471905,3.95913363,4.04541731,4.57390451,3.82924223,4.42974281,4.46923161,4.78156233,4.76996708,6.75332499,6.31619787,6.62416458,:
Zimbabwe,:,:,:,:,:,:,:,:,:,:,10.47583866,8.08288383,6.91794872,7.10940313,8.13227272,7.44982719,7.46644735,6.36358309,4.67039156,3.23280239,2.95440149,2.78975058,:
Antigua and Barbuda,4.71542597,5.43839121,5.28793621,5.58143282,5.11667967,4.99094057,4.63050652,4.44609547,4.20027018,4.17732763,5.37907028,5.44257212,5.47921467,5.50909233,5.87269926,5.27965546,5.12190151,4.87493944,4.84869289,4.37567186,5.92146206,5.85133028,:
Argentina,8.22001076,8.37179852,7.3933115,6.89451647,7.22868252,7.61078882,7.64032793,7.83455086,8.1826973,9.45599556,9.44546413,9.41819859,9.82726669,9.78097916,9.67129993,10.22933674,9.85558891,10.23174763,10.29146862,10.04194355,10.34701538,9.70880699,:
Bahamas,3.80487037,3.92440891,3.81251931,4.01998568,4.04628181,4.03196478,4.30935764,4.49598694,4.86261654,5.1500144,5.25594234,5.32398558,5.3190918,5.59409571,5.53944159,5.16048241,5.68248844,6.70352888,5.98263836,5.82275152,7.64700842,7.13872051,:
Barbados,5.33187246,5.52529192,5.86123466,6.69148111,7.31297731,6.77536297,6.58370161,6.05665207,6.47753286,7.14522552,6.77094746,6.89690495,7.77819967,7.39825487,6.96651411,6.83201313,6.83736086,6.65253401,6.45336485,6.20015001,7.37276554,8.09043312,:
Belize,2.98060012,3.49099278,3.59433174,3.56305766,3.44779563,3.46698904,3.57004833,4.07867432,4.53821993,4.52587652,4.49519491,4.54942894,4.36242819,4.43660116,4.88208723,4.65365601,4.76508141,4.61620188,4.74657917,4.81374073,5.30974436,4.98043823,:
Bolivia (Plurinational State of),4.39554119,4.82522202,4.89645052,5.19709635,4.86315727,5.07408142,4.66087532,4.6968894,4.60677242,5.17444515,5.20230532,5.17306805,5.2539444,5.57465124,5.89613628,6.55064964,6.83333063,6.4901948,6.60399437,6.88792992,8.0225811,8.15972805,:
Brazil,8.33457184,8.54963303,8.69686985,8.18899441,8.12491989,8.03539562,8.24952507,8.20182991,8.01128483,8.39480495,7.94516611,7.78819132,7.73637724,7.9766016,8.39644146,8.90929985,9.16901493,9.47124863,9.46475029,9.61449146,10.18235016,9.89072323,:
Canada,8.24814415,8.62482357,8.85670471,9.01090145,9.06628132,9.03540611,9.34210205,9.44540119,9.60754967,10.66225815,10.67611408,10.37950897,10.50971508,10.41174984,10.25765324,10.73869705,11.0319252,10.90631104,10.90542507,11.00887775,13.0351181,12.3341074,11.15471363
Chile,7.00020742,7.09733057,7.20833778,7.25047779,6.91028547,6.62372112,6.07235622,6.21259642,6.73954487,7.25026846,6.81958437,6.79947519,7.01951313,7.47552633,7.84150124,8.3513937,8.55767059,9.090518,9.22575188,9.36262131,9.72726822,9.34327984,9.00162983
Colombia,5.63529348,5.94238281,5.73296595,5.77505445,5.79892111,6.06710529,6.33546638,6.49102163,6.84192228,7.3113451,7.07130146,6.78076792,6.74601603,7.01724052,7.18553209,7.52338552,7.53117037,7.67864323,7.62541437,7.77954912,8.71432114,9.01772404,:
Costa Rica,6.56498766,6.47409868,6.8690877,6.9691925,6.63006067,6.6642971,6.93530846,6.99642611,7.46854782,7.86019135,8.02937794,8.12197781,7.78642321,7.68229342,7.66376162,7.59196234,7.31724358,7.04522991,7.28587723,7.22124958,7.8254571,7.56881428,:
Cuba,6.58189821,6.9820981,7.11481619,7.10295439,6.83178711,8.75525475,8.2719059,10.9674921,11.31422806,12.29053974,10.6880827,11.31298637,9.29940987,10.43099499,12.1412344,12.81401348,12.2177515,11.47197342,11.0184288,11.08496857,12.48639679,13.78727818,:
Dominica,5.32374382,4.64501858,4.6531105,4.84617901,4.74520159,4.97772503,4.78092194,4.79109955,5.04968786,4.98329306,5.15711927,5.33450365,5.79509926,5.34749842,5.26141691,5.15941811,5.12308073,5.46245432,6.18495989,5.16903925,5.99901152,6.50494003,:
Dominican Republic,4.88427496,4.88183308,4.98649025,4.38888264,4.2877388,4.35391188,3.99365425,4.08935308,4.56146193,4.76337624,4.92355442,5.03797865,5.04897833,4.91598225,4.79757166,4.72216797,4.57663107,4.49336958,4.12601566,4.23948717,4.93998051,4.91815567,:
Ecuador,3.33441973,3.75668859,4.47671938,5.44398975,5.56991434,5.59754324,5.70635176,5.43095398,5.46596193,5.79984474,6.22109413,6.580935,6.86373377,6.88127422,6.83199883,7.60513353,7.41604376,7.53717899,7.82609653,7.77070522,8.35889626,8.28661728,:
El Salvador,7.84342813,7.88604879,7.88565731,7.77182293,8.1302166,9.20057869,8.69338894,8.47836304,8.49585915,8.83749676,8.90416241,8.87645435,8.60625362,9.05235958,8.5989418,8.75833225,8.71456337,8.42286873,8.322752,8.80846119,9.08151054,9.71643353,:
Grenada,5.35886383,5.62456989,6.17569733,5.28485727,5.36568451,5.14460278,5.11352158,5.23867893,5.386199,5.43471003,5.4188118,5.80423355,5.82235765,5.62652922,4.77353573,4.64675617,4.43910027,4.65701056,4.58373737,4.93189621,5.55900049,5.6984539,:
Guatemala,5.39686108,6.07023716,6.01301289,6.15306854,6.26182795,6.14826393,6.36362219,6.1918335,6.08129978,6.33938646,6.1247797,5.96306896,6.07316971,5.77188921,5.8885684,6.00602007,6.07008219,6.13563824,6.10662699,6.17457819,6.46693325,6.9008255,:
Guyana,3.18737936,3.05506778,3.19353795,3.26884198,3.43770432,3.79409742,3.93144464,4.28126192,4.20242214,4.35117149,4.21897697,4.17213488,3.7081871,3.80231309,3.94755435,4.02264786,4.01842117,4.3191123,4.90492535,4.90331507,5.50584173,4.94385052,:
Haiti,3.99165702,3.7502923,3.43250132,3.53695321,3.42928433,3.30554652,3.48013902,3.64734101,3.75722051,3.50277376,4.54871035,5.91197777,5.56462336,4.10524035,4.52035809,5.07518148,4.80760574,3.8199389,4.31650305,3.91107917,3.22171092,3.47919273,:
Honduras,6.26817989,5.92998314,6.2445755,6.89004707,6.85484362,7.50086403,7.86318684,8.08494949,8.60362625,8.99592495,8.72536373,8.79187012,8.65655136,8.47723007,7.91455746,7.4837904,7.709445,7.00668859,7.22820663,7.30497599,9.03509808,9.16101742,:
Jamaica,5.64462519,5.15652943,4.74544334,4.22014141,4.80435276,4.54581785,4.20788145,5.32057667,5.61143064,5.14654493,5.2951932,5.23845339,4.88512897,4.95443439,5.16564465,5.62470436,5.70102215,6.14859295,5.96798849,6.09761,6.62580395,7.18521214,:
Mexico,4.44912481,4.8203578,5.07164288,5.81486416,5.95390368,5.83612156,5.65525532,5.76644468,5.69886971,6.12978411,5.73688889,5.51883602,5.66522074,5.80923605,5.55340958,5.72277355,5.55345821,5.45759058,5.38345814,5.44796371,6.22204065,6.07868719,:
Nicaragua,5.23883677,5.48459768,5.73315859,6.08317614,6.05740356,6.22468948,6.35756445,6.95643044,7.16700697,7.68584394,7.71019173,7.44982004,7.48836899,7.63869238,7.97716141,7.96303272,8.04877567,8.32754421,8.4993515,8.56945896,8.65219975,9.68343163,:
Panama,7.23963356,7.17009974,7.31349277,6.95631361,7.34004402,6.43272924,6.7842741,7.62018394,7.05229712,7.24006367,7.4865942,7.08092785,6.74132681,6.75967455,7.16729832,7.18962574,7.35213518,7.42582321,7.87820292,8.46795654,10.8049345,9.68179989,:
Paraguay,6.01865244,5.60815811,4.75770569,4.90703917,4.93224335,4.82934713,5.01927567,5.02042723,5.03776026,5.52496862,5.46593952,5.82225847,6.53144598,6.0642848,6.62719059,6.69165802,6.67556572,6.60902548,6.74497652,7.16081905,7.67533064,8.03277016,:
Peru,4.41482639,4.72161007,4.93902254,4.58695936,4.42970943,4.66595268,4.4095645,4.42612123,4.5332098,4.96515894,4.71503925,4.53500509,4.73488665,4.7487607,4.96445227,4.96122217,4.95967245,4.8808279,5.15967131,5.17916393,6.28521156,6.15173197,:
Saint Kitts and Nevis,4.79933786,4.39693737,4.45210552,4.75159693,4.49067402,4.72803831,4.98203421,4.79733467,5.30566025,5.28673744,5.2136941,5.1628871,5.00998354,5.04429483,4.74668789,5.11798382,5.42126036,5.26021719,4.89200258,5.18704271,5.65951824,6.1634655,:
Saint Lucia,4.86549902,5.12139463,5.38887024,5.24069643,4.76760817,4.86039829,5.1270175,5.54166603,5.09061956,5.24410772,5.05308437,5.07998085,4.9241581,5.04967594,4.62420511,4.51419878,4.44803333,4.37286377,4.18686533,4.19073772,6.79121685,6.2111187,:
Saint Vincent and the Grenadines,3.97939277,4.00093412,4.07769632,3.95764542,3.8658421,3.83165979,3.65356708,3.81816602,3.88194203,4.09299564,4.30325222,4.23108053,4.45042276,4.24191046,4.17631912,4.11412001,4.09573793,4.22985649,4.25346231,4.25543451,4.8395834,5.36252117,:
Suriname,5.87092161,3.82474971,5.32991552,4.88878393,5.4608078,5.2439642,5.85598755,5.22148609,4.74699593,4.97810316,4.6978569,4.40932178,4.28435707,4.48738098,4.52127838,5.80808163,5.99283743,5.32285929,6.68795872,8.70230103,6.84054422,5.6838975,:
Trinidad and Tobago,4.23492479,4.0346489,4.72302485,4.18767118,4.30805206,4.43451166,4.15431976,4.1536026,3.6575706,5.48676443,5.08042908,4.72197914,4.63289499,4.80276918,4.87136698,5.65026045,6.50998688,6.57946634,6.5323596,6.83128405,7.53854179,7.0194726,:
United States of America,12.49002552,13.16811562,13.9952774,14.50551128,14.55115986,14.57938957,14.70870876,14.91824913,15.20718479,16.20063591,16.19719124,16.13996315,16.11969566,15.99170876,16.19919777,16.49056816,16.80215836,16.76750183,16.62964439,16.66580582,18.75621986,17.3625679,16.57115173
Uruguay,9.21095848,9.79864407,9.68134308,9.61753464,8.30145359,7.75686073,7.74287462,7.49349833,8.12533188,7.9498806,7.91117048,7.94897985,8.06757545,8.11897373,8.07319641,8.29225731,8.67535782,8.82179642,9.01452351,9.39027691,9.13688469,9.3592062,:
Venezuela (Bolivarian Republic of),:,:,:,:,:,:,:,:,:,:,:,:,:,:,:,:,:,:,2.41691327,2.18563724,4.08657551,4.03775549,:
Afghanistan,:,:,9.44339085,8.94125843,9.80847359,9.94828892,10.62276554,9.90467453,10.25649548,9.81848717,8.56967163,8.56190777,7.89716864,8.80596447,9.52887821,10.10534763,11.81859016,12.62081718,14.20841885,14.83131981,15.53361416,21.82794952,:
Bahrain,3.33542562,3.48573017,3.67866111,3.88658071,3.49817729,3.25870824,3.10821271,3.29534078,3.2038722,4.32666922,4.08934975,3.8651762,4.10642147,4.30853891,4.41240263,4.97671938,4.86051178,4.51235676,4.12745667,3.95980334,4.71684837,4.26834059,:
Djibouti,3.3991127,3.19861364,3.7554152,4.27386999,3.53825521,3.80623102,4.22306824,4.05582809,3.61543369,3.64194465,3.35966682,3.37655354,3.299927,2.92013574,2.96726322,3.3475771,2.7416594,2.46857476,2.33968735,2.16640544,2.15048313,2.87667227,:
Egypt,4.92244291,5.40030336,5.5107379,5.2242527,4.85732365,4.92229176,4.84190083,4.44493246,4.46634817,4.37870932,4.15319157,4.35707569,4.45891809,4.6710043,4.77415323,5.06153202,5.07462406,5.34661913,4.74892998,4.5994668,4.15384626,4.60955143,:
Iran (Islamic Republic of),4.72250843,5.16087341,4.65182209,4.95589161,5.12801409,5.29996157,5.15990877,4.91188192,5.03990459,6.11493444,6.29153061,6.09787989,6.12235117,5.54722023,6.35239553,7.53311825,7.99202633,7.83454609,7.73915195,6.27398872,5.40149546,5.77013779,:
Iraq,:,:,:,2.99693584,3.90128636,3.01704645,2.49370432,3.2148056,3.06604242,3.77203989,3.23955345,2.80316377,2.69365859,2.80868459,2.78786659,3.15587044,4.58949184,4.04064989,4.12989378,4.25509405,6.17485046,5.24727583,:
Jordan,9.34367943,9.57236385,9.2786417,8.78901005,8.74670506,8.49441624,7.67925692,7.90982628,8.48880577,9.22396946,8.17025661,8.14807701,7.81799555,7.16592407,7.20892906,7.4609561,6.97644138,7.10953665,6.98295021,6.99518251,7.03820276,7.28875065,:
Kuwait,2.20343971,3.18838811,3.12468719,2.76216865,2.35702467,2.01313829,1.8213098,1.92673647,1.92400301,2.70638776,2.67879915,2.33303547,2.33311439,2.48789287,2.9159987,4.21497965,4.73096323,4.65326786,5.18862629,5.35958719,6.34761143,5.78120756,:
Lebanon,10.82951355,10.56254768,9.28233719,8.67109871,7.99923086,7.54867649,8.66057873,8.55984211,7.81751728,7.0073576,7.43864489,8.17744446,7.00420094,7.06795645,7.52279758,7.41596651,7.92386055,7.80396605,8.07092381,8.6936779,7.57650805,10.06154442,:
Libya,3.31908512,3.92571616,4.73818302,3.97301245,3.38328195,2.51707149,2.29996443,2.41929626,2.24441886,3.5828805,3.28064442,4.01902008,:,:,:,:,:,:,:,:,:,:,:
Morocco,3.69304585,3.81601191,4.06117535,4.08037519,4.23211098,4.37350655,4.56586647,4.80759001,4.83789158,5.27312183,5.41861057,5.37019396,5.39619017,5.25540543,5.41626596,5.10435581,5.09203386,4.98920393,4.94516659,4.99129868,5.83834505,5.73834944,:
Oman,2.68485427,2.70073724,2.77737164,2.77524447,2.59660101,2.26479053,2.01985121,2.11371112,1.75567567,2.4694581,2.47588587,2.23611403,2.27702832,2.5054009,3.13740134,4.07826233,4.17580843,3.95418668,3.21469474,3.80648994,5.25332022,4.37028217,:
Pakistan,2.71176577,2.54956865,2.66229343,2.30006313,2.22177458,2.55108738,2.86177492,2.81689191,2.71266913,2.47458911,2.39686537,2.14016914,2.20038652,2.4017837,2.45603824,2.45764351,2.57026362,2.7863009,2.82844949,2.84736943,2.95273018,2.91131568,:
Qatar,1.97258496,2.3197093,2.46044064,3.50257182,3.18311739,2.56300044,2.288064,2.07008052,1.63775349,2.38356304,1.87017763,1.599962,1.74822152,2.07620168,2.42293572,3.63581347,3.54971433,3.21237087,2.96176219,3.20278597,3.81872201,2.89366841,:
Saudi Arabia,4.2115941,4.4617424,4.2493701,3.97910738,3.58400226,3.41866732,3.6192224,3.56229162,2.97100711,4.29042768,3.64786315,3.68218255,3.98779702,4.42293596,5.15801096,5.86202002,6.24143076,6.03126049,5.34063101,5.46742678,6.64629889,5.96836901,:
Sudan,3.60664487,3.36456871,3.30010891,3.89187932,4.15593481,4.09418154,4.88544321,5.66269159,5.42313576,6.39496326,5.05810165,5.61579561,5.68827009,6.96487474,5.67619705,5.81112576,5.68438482,5.91767406,4.46358299,4.57422638,3.01518917,2.83633852,:
Syrian Arab Republic,4.55400705,4.6971879,4.94717073,5.11781693,4.47935343,4.10970592,3.77771473,3.72242856,3.39762759,3.5464704,3.2764473,2.52865291,3.04719615,:,:,:,:,:,:,:,:,:,:
Tunisia,4.81271935,4.86132765,5.12036419,5.20888519,5.19890785,5.14555788,5.13109922,5.17542839,5.1644063,5.40595293,5.60950756,6.12299299,6.28984737,6.51394987,6.45006084,6.21339941,6.24778175,6.18557453,5.9375186,6.02461243,7.05024958,6.97273922,:
United Arab Emirates,2.37413526,2.48437047,2.71770859,2.64634395,2.46204329,2.32019687,2.3254137,2.56569624,2.92847514,4.04999304,3.87873054,3.67006993,3.33596373,3.50222182,3.53405499,3.46609354,3.89580107,4.00854969,4.09854221,4.38618946,5.82477045,5.30695152,:
Yemen,4.66606569,4.94514799,4.83237982,5.75758314,5.5144043,5.20585251,5.52930164,5.82077599,5.76191616,5.98619986,5.15932894,4.7695322,5.19593525,4.96083164,4.8418045,4.25285673,:,:,:,:,:,:,:
Albania,5.94419765,5.92584515,5.66464472,5.91140795,5.89364862,5.72954512,5.63177013,5.92609119,5.50900269,5.82603931,6.23667669,6.18297672,6.15746212,6.28286266,6.43451118,6.46411896,6.7293272,6.57848787,6.66844559,6.86214113,7.51920271,7.26731825,:
Andorra,5.95276403,5.85823727,5.99621153,5.54771519,5.28846931,5.59476948,4.96530008,4.92347288,5.67066383,6.08094168,7.67537737,7.62060833,6.71083689,6.79964209,6.77308035,6.91586447,6.90521765,7.07142639,7.37541723,7.323246,8.78673935,8.33449364,:
Armenia,4.19581175,4.64563894,7.61358786,7.17936182,6.05510139,5.8618803,5.85007095,5.49814034,6.63976622,8.44377708,9.23538303,9.37588882,9.13455009,10.32345009,10.17827892,10.11762714,9.95195858,10.36270523,10.00543404,11.3798008,12.24056244,12.33824253,:
Austria,9.20371342,9.26942921,9.3947649,9.5472393,9.70939827,9.62702942,9.53113365,9.53209686,9.72564602,10.22582436,10.22101879,10.02613258,10.19915581,10.28574944,10.36809254,10.36746788,10.3522625,10.38402557,10.34885597,10.48694611,11.38535881,12.09597683,:
Azerbaijan,2.94891715,2.774194,2.73097301,2.72699213,2.65944242,2.22960997,2.07059145,1.99422264,2.04814458,2.76541352,2.64634848,2.59547186,3.15682149,3.22551084,3.58703041,4.34131384,4.42241955,4.07396507,3.83661342,4.18188763,5.84817696,4.70267439,:
Belarus,5.2760601,5.70827103,5.62329483,5.76984167,5.73709631,6.07036781,5.57381344,5.69203281,5.29415369,5.39037848,5.65694046,4.87438536,5.24532652,5.69559479,5.38793325,6.06533289,5.91054153,5.75974846,5.52699471,5.86133814,6.40607214,6.56549978,:
Belgium,7.99917603,8.14988804,8.31820965,9.16443539,9.32808781,9.22374916,9.12963009,9.13628674,9.5951395,10.32117939,10.20229435,10.36337948,10.50204754,10.57661152,10.60909367,10.79745102,10.79354668,10.79855728,10.86148262,10.79477787,11.19751263,11.04290771,:
Bosnia and Herzegovina,7.99843025,7.60725927,7.42553377,8.30536652,9.06270218,9.05223751,9.17218685,9.5306015,9.68943882,9.02212143,9.01888275,9.17856026,9.49001503,9.44886494,9.49011135,9.24086571,9.13943481,8.81797314,8.76100445,8.92544365,9.70311832,9.56442738,:
Bulgaria,5.82970953,6.85958815,7.0809865,7.19987392,6.89090872,6.89011478,6.52544546,6.15651751,6.28281593,6.59577608,7.09571743,7.1026721,7.53875399,7.1426816,7.68282461,7.3912921,7.45653582,7.49168301,7.32866621,7.08919716,8.47806835,8.55572891,:
Croatia,7.65291882,7.17128897,6.14294004,6.29590559,6.50386047,6.83877182,6.91163635,7.40500164,7.6514883,8.08231831,7.98821163,7.66187382,7.67682028,6.42543364,6.61017513,6.69005775,6.72539377,6.65738583,6.750319,6.80215073,7.72462749,8.09696484,:
Cyprus,5.30800056,5.33940458,5.61565971,5.63568783,5.40558147,5.43580961,5.46357489,5.35744858,6.01427698,6.46531534,6.50055742,6.43139076,6.53638792,6.92774534,6.93137264,6.79382181,6.65254688,6.62192535,6.82634497,7.06619215,8.40699196,9.42843151,:
Czechia,5.70103025,5.86295414,6.17736149,6.52412462,6.35071039,6.34086704,6.16380167,5.98578405,6.33024931,7.24880648,7.58647251,7.5580225,7.62448311,7.52132368,7.61248875,7.36897945,7.44554329,7.38071585,7.47048092,7.60336018,9.2136879,9.4887867,:
Denmark,8.10438347,8.44832516,8.70251179,8.9036293,9.00743198,9.09057045,9.16879559,9.3251543,9.51134396,10.67432022,10.60774612,10.40702915,10.5219717,10.32915878,10.30918217,10.34411812,10.25162029,10.09825516,10.09764194,10.15243626,10.56029797,10.82402802,9.49650764
Estonia,5.17029095,4.78060246,4.70329475,5.13883257,5.33758926,5.29536057,4.97390509,5.18455648,5.95724869,6.84477043,6.59433842,6.0781703,6.09506845,6.28062296,6.36199903,6.64135027,6.70240974,6.59727097,6.6912818,6.81699181,7.57906532,7.49057293,6.94306278
Finland,7.09253168,7.25090456,7.62769508,7.9380517,8.05912876,8.28795624,8.2841177,8.08359432,8.34310627,9.16122341,9.14202785,9.22303009,9.5857954,9.80534649,9.78115082,9.64523888,9.37796021,9.12670135,9.04514217,9.17142677,9.63249588,10.25037384,:
France,9.58447742,9.7056284,10.02218628,10.08283424,10.16429329,10.2148447,10.38566494,10.31564426,10.50084686,11.28756237,11.22560215,11.18497562,11.29740047,11.39603043,11.53937244,11.44817352,11.47060013,11.35469437,11.20798969,11.0888586,12.13096142,12.30787277,:
Georgia,7.194592,7.16950893,7.81474257,8.02952862,8.08910847,8.07734203,7.63208008,7.43517828,8.44424057,9.56681633,9.07341194,8.0144434,8.04715919,7.88304853,7.9038682,7.42301464,7.99670744,7.05804443,7.11329699,6.65744209,8.42998314,8.41524601,7.36753368
Germany,9.88843536,9.92069149,10.18365669,10.40202236,10.14603233,10.31153965,10.17995167,10.05132961,10.25128746,11.23791218,11.09592915,10.77844906,10.85345554,10.99905777,11.02588272,11.19047737,11.241889,11.33617592,11.48051548,11.71550655,12.69255257,12.93412971,12.65471077
Greece,7.24332523,7.9878397,8.23377991,8.44915581,8.0939045,8.56466961,8.25866985,8.39808273,8.82774162,9.40688515,9.59662342,9.19330311,8.92415524,8.43796444,7.89141178,8.22004509,8.44874668,8.13515854,8.12024307,8.19811249,9.50363827,9.17298794,:
Hungary,6.77804327,6.82614756,7.12101603,8.12084675,7.75805473,7.98451281,7.77806234,7.20393276,7.08839607,7.22221708,7.4485836,7.48130894,7.41063309,7.23441267,7.04665947,6.85402203,6.98777437,6.74387121,6.57987547,6.28167295,7.28760433,7.37578297,:
Iceland,8.89924335,8.75266171,9.40382481,9.72930336,9.32854366,8.94695091,8.55709171,8.3535862,8.34370804,8.77518463,8.36173058,8.20293236,8.18118858,8.17555237,8.22888947,8.06978989,8.09714794,8.26131916,8.3783865,8.57953453,9.61492825,9.73404884,8.57196712
Ireland,5.89902735,6.3924942,6.67263079,7.00761366,7.21972942,7.64242792,7.516469,7.80773783,9.12564754,10.52275658,10.52404499,10.60614967,10.59787655,10.27730751,9.51343918,7.33597517,7.46859169,7.12621927,6.49550152,6.7090106,7.1091466,6.71662664,6.07060957
Israel,6.61731339,7.01818132,6.92267561,6.85543919,6.80059719,6.90324926,6.70972347,6.69537067,6.82830286,6.91636944,6.88817596,6.83919144,6.97648525,6.95815229,7.04530668,7.0221777,7.09562969,7.17605686,7.22799444,7.17438793,7.70717716,7.90475464,:
Italy,7.56665516,7.73760891,7.86693573,7.83297682,8.16549301,8.33931828,8.43673038,8.13610172,8.53282356,8.95162296,8.91602039,8.77413177,8.78352737,8.77543926,8.86791801,8.85689163,8.72533035,8.6777401,8.68187618,8.65633965,9.62541199,9.38430977,9.00226116
Kazakhstan,4.16031408,3.47096992,3.61480069,3.72334647,3.98308039,3.90172577,3.39824915,2.70314932,3.04952621,3.49913716,2.73641348,2.60236716,3.03726053,2.66286707,2.974684,3.04051065,3.42235589,3.05244446,2.8178606,2.78745699,3.75300956,3.92458963,:
Kyrgyzstan,4.41414976,4.27703238,4.59219551,5.82382107,6.20281315,7.45010662,8.3118391,6.93210649,6.52511883,6.89873457,6.95027161,7.1072917,8.50966358,8.18745136,7.35766459,7.14930916,6.41248226,6.18586349,5.01030922,4.49454117,5.25935984,5.440763,:
Latvia,5.43338442,5.77004433,5.76281166,5.4793458,6.20221329,5.83247328,5.70438385,5.51350451,5.58478308,6.09759474,6.097435,5.72401047,5.41047668,5.40874767,5.46339607,5.65211773,6.1332593,5.96542788,6.18867874,6.6141057,7.24775076,9.03743458,:
Lithuania,6.19950438,6.01339626,6.14446115,6.18627787,5.5114994,5.64800453,5.84418154,5.7643218,6.29453707,7.36587286,6.81462336,6.48781538,6.2759347,6.12593699,6.193326,6.49043941,6.63746214,6.47513771,6.53038597,6.9905653,7.48097849,7.82268572,7.46179771
Luxembourg,5.92533875,6.38193941,6.76099968,6.96221447,7.2793355,7.12328196,6.6364212,6.15803099,6.23101091,6.9499321,6.66263008,5.95225334,5.29404306,5.23557377,5.23040915,5.08113527,5.07103872,5.13535357,5.27988529,5.4700346,5.74203491,5.66813374,5.45618296
Malta,6.57308626,6.99985981,7.70661688,7.89556122,8.04820728,8.66396618,8.80992031,8.16883373,7.86335802,7.92382908,7.95211124,8.4481411,8.37802982,8.49665833,9.08505249,8.89759636,8.96600914,8.73092651,8.55117512,9.14845181,10.74076366,10.58440781,:
Monaco,3.69517851,3.75390792,3.80860424,4.43205786,4.52466917,4.50320387,4.29524565,3.81156135,4.08357811,4.84195948,4.95791674,4.63501215,4.7558527,4.57341814,4.44085073,4.31544638,4.12037039,4.15852404,4.03953457,3.87725186,4.27983093,3.68486166,:
Montenegro,:,:,:,:,:,:,:,:,:,:,:,7.96692181,8.29550457,8.47144604,8.00086784,9.02188778,8.63302994,7.98255396,8.34355545,8.32983208,11.42177582,10.55253506,:
Netherlands (Kingdom of the),7.7069602,8.05945873,8.64913177,9.05657101,9.1107645,9.09666824,9.08055115,9.05292606,9.27660465,9.9929266,10.15508747,10.23357868,10.53898716,10.58363628,10.56703758,10.32393837,10.056795,10.1082983,10.01993561,10.14039612,11.20924473,11.29425907,:
North Macedonia,8.86991501,8.3815918,8.97826958,9.00857735,8.46505451,7.67907524,7.38314581,6.57065344,6.55317593,6.52846384,6.71369696,6.51887369,6.61468363,6.71928358,6.28993368,6.34227896,6.37943363,6.43909454,6.45699358,7.06654119,7.73212385,8.5240345,:
Norway,7.70270586,8.00972462,8.98267078,9.19355106,8.79598331,8.29899502,7.8822999,8.01673985,7.91507673,9.03254128,8.8581152,8.73474026,8.72188568,8.87431335,9.28297901,10.06992245,10.53049755,10.22983646,9.96037865,10.43807551,11.42416386,10.07598026,8.14124467
Poland,5.28789568,5.66721439,6.06724358,5.95371294,5.86845207,5.80689144,5.80280542,5.87339211,6.37592173,6.587708,6.46800566,6.28671598,6.2652421,6.48017406,6.42679548,6.40416241,6.59210492,6.58342791,6.3129096,6.46008492,6.49677992,6.43857718,6.67762709
Portugal,8.60104179,8.62751484,8.78642941,9.124156,9.5325079,9.65306759,9.35422611,9.25186634,9.58307838,10.13070393,10.03250504,9.73071671,9.65393257,9.40486622,9.3428812,9.31645775,9.39439487,9.30583858,9.4126482,9.51379871,10.54770088,11.13700104,10.62375641
Republic of Moldova,5.92687273,6.23449755,7.40437651,7.02227592,8.97114944,9.55814838,10.54445267,11.02066803,10.94920063,13.6766243,10.13112831,9.09670353,9.13962078,8.68300343,8.63275623,8.55763531,7.53552246,7.1278038,6.70760345,6.49676275,7.00484037,7.7490406,:
Romania,4.20876169,4.37598133,4.57694626,5.37136793,5.47733593,5.52778196,5.07106066,5.02223349,5.02274227,5.2784133,5.63998747,4.47528124,4.50899887,5.22432709,5.02789736,4.94295502,5.08021355,5.1887908,5.51800871,5.7142148,6.22618055,6.47900152,:
Russian Federation,5.01989794,5.24284792,5.52166557,5.16368914,4.7603755,4.77177477,4.76654387,4.74792528,4.90364122,5.64392471,4.97111797,4.79491472,4.93637609,5.08104897,5.18209648,5.29604387,5.28970242,5.35889816,5.35520792,5.64849091,7.57117844,7.39170408,:
San Marino,5.7876792,5.64127541,5.39155769,4.77200127,4.86479282,4.88683653,4.91361904,5.09587288,5.41110897,6.18409586,6.20853519,8.0707283,8.98883724,8.23800278,8.30091763,8.43315315,8.4219532,8.25972271,8.2778492,8.14801598,8.48147392,7.97527838,:
Serbia,6.18360472,6.49679995,7.59296274,7.66696072,7.84200048,8.28380585,8.49390411,9.3764925,9.48246479,9.34623528,9.5273037,9.11380386,9.32820415,9.31232452,9.24598789,8.81319809,8.45890999,8.22039318,8.53168106,8.66552734,8.70042133,10.0125246,:
Slovakia,5.30256939,5.33150578,5.50947618,5.4484992,6.37190485,6.58870029,6.85076714,7.17735338,6.95634508,7.94779444,7.66638851,7.29859495,7.53581381,7.49518108,6.88411617,6.76215172,7.0915966,6.75694847,6.66639805,6.91974878,7.12667274,7.75100994,:
Slovenia,7.80406952,7.87602425,8.02119827,8.09883499,7.93957281,7.99595737,7.82322693,7.51139164,7.85466576,8.54080105,8.56503296,8.53639603,8.71509933,8.74028301,8.50197601,8.49823952,8.4630394,8.18480968,8.27693176,8.49918938,9.43295097,9.47775173,8.84674168
Spain,6.7992177,6.76895761,6.80052757,7.56327057,7.65842772,7.73191786,7.82905865,7.9186573,8.38225937,9.10764122,9.11891174,9.1679697,9.15415382,9.06397724,9.08488464,9.12207508,8.94727325,8.94491291,8.99686718,9.1456852,10.74565983,10.74003887,:
Sweden,7.32689953,7.90032959,8.21006203,8.31724644,8.1296196,8.1508379,8.05226612,7.99607754,8.20824242,8.77037907,8.31963825,10.41646671,10.7351532,10.90491486,10.9479475,10.80418396,10.85240364,10.78509998,10.94106293,10.83224297,11.33296967,11.24669552,10.66672516
Switzerland,9.13442421,9.46040154,9.88000202,10.13696766,10.22576523,10.05823421,9.58019924,9.41693878,9.53167629,10.1415062,9.93353558,10.04628563,10.14446354,10.37922478,10.42800808,10.77887917,10.9900341,11.0451622,10.77226162,11.06363678,11.73206806,11.80107975,:
Tajikistan,4.26492405,4.57802534,4.43647242,4.70218658,4.79911184,5.21024704,5.03254795,5.54050112,5.91206694,5.85579777,5.73543453,5.85971785,5.98185873,6.53226423,6.6654973,6.90735912,6.96349716,6.85399008,7.01381588,6.9476676,8.17692566,8.00994301,:
Türkiye,4.59957218,4.88784933,5.06227875,5.01427698,4.90964413,4.89389706,5.14591694,5.23760796,5.21761751,5.49438715,5.02053452,4.6530509,4.44444656,4.37099934,4.32517862,4.11690426,4.28469229,4.17974997,4.12363815,4.36568785,4.6167202,4.56528139,:
Turkmenistan,4.07783461,4.82198191,4.15504408,5.0367589,6.25892353,5.65422964,4.97834015,3.12948632,3.49424887,2.84764099,3.24345636,3.24805617,3.36840105,3.93541193,4.30969286,5.11721087,5.74498892,5.93897438,5.69395018,5.68183947,5.68472815,5.56931353,:
Ukraine,5.30685186,5.72534418,5.99220037,6.54574108,6.16856956,6.3461585,6.4171896,6.01776791,5.49754429,6.60991716,6.81387615,6.81669855,7.11789227,6.94358015,7.19506168,7.78352833,7.55205393,7.44187737,7.52051353,7.09389353,7.56217051,8.00599098,:
United Kingdom of Great Britain and Northern Ireland,7.12928009,7.34416342,7.65009499,8.05579185,8.30715179,8.36301231,8.62893772,8.62399578,9.02561569,10.04505444,9.92673969,9.92486763,9.95296001,9.87251186,9.86246872,9.79776669,9.72899723,9.5958786,9.73079777,9.95761967,12.15863419,12.36469936,11.34454918
Uzbekistan,5.11650658,5.23737431,5.14164925,5.1882515,4.84063768,4.781991,4.75141335,4.54267979,4.70447445,4.79649639,5.29938841,5.26245499,5.54822111,5.71896601,4.43092394,4.73596573,4.71504498,4.83789968,5.07702637,5.43133879,6.75143003,7.73795509,:
Bangladesh,1.80504513,1.77201855,1.93417108,1.96152198,1.99854314,2.05873919,2.10646582,2.17268491,2.11878848,2.18321705,2.28807664,2.36418128,2.3537879,2.29574466,2.27915168,2.27217698,2.38938212,2.36720181,2.31622243,2.25762248,2.27063942,2.36492991,:
Bhutan,4.44684267,5.0041995,4.59563637,4.1293807,4.59777308,4.13416338,4.4061017,4.1298461,3.38117099,3.5476253,3.55879498,3.34921789,3.61913681,3.70787191,3.55791116,3.75701189,3.57613945,3.3407371,3.2427721,3.60361075,4.36274862,3.84550023,:
India,4.03493309,4.26278067,4.24016762,4.00848055,3.95739174,3.79116249,3.63477802,3.51754212,3.51468062,3.48537874,3.27211928,3.24634218,3.32935286,3.74944186,3.61956549,3.59565997,3.50430417,2.93597651,2.8584938,2.95299792,3.34119558,3.28195357,:
Indonesia,1.85297656,2.11850214,1.98062706,2.24837184,2.12002277,2.53189397,2.61946416,2.82385564,2.54842305,2.62324095,2.7908783,2.98942471,2.91427088,2.86934805,2.96433568,2.92428517,3.02147198,2.90417194,2.86757827,2.87862897,3.42067289,3.70636249,:
Maldives,7.73655844,8.21364975,8.78440189,6.77857542,7.48356962,8.82753372,8.04819012,8.30568123,11.47104168,10.0928812,8.48758984,7.92251587,8.67304802,8.15509319,7.91345072,8.72545815,10.30544567,9.26917839,7.43627834,7.66067553,11.34723186,10.03153992,:
Myanmar,1.99549711,2.14881992,2.57854366,2.38126588,2.31822181,2.33031869,2.25168681,2.02357221,2.10873103,2.15950108,1.95585966,1.92666924,2.41021132,3.20071578,4.39346027,5.47780561,5.11349964,5.08065701,4.89992189,4.71061993,4.61919451,5.63134766,:
Nepal,3.13333869,3.812814,3.93915963,3.85658813,4.04684114,3.95148802,3.5445044,3.67347026,3.81807637,3.90232134,4.36190224,4.4528017,4.49078751,4.63012981,5.07549381,5.46615553,5.42378998,4.72174025,4.52845383,4.44525433,5.20810461,5.4169817,:
Sri Lanka,4.10818672,4.05662823,4.03715754,3.64646697,4.03912592,3.87908745,3.85019565,3.82258177,3.85482955,4.05676842,3.7414515,3.5819521,3.30659294,3.69365358,3.46786141,3.6826396,3.61788416,3.33093429,3.6418879,3.89904952,4.01770496,4.06650543,:
Thailand,3.10125351,3.02623773,3.334723,3.24312782,3.13893151,3.15972233,3.09970832,3.19277525,3.45933938,3.61939645,3.39009809,3.56825495,3.5229404,3.45313334,3.68448091,3.8522861,3.93900609,3.85276842,3.87040329,3.78911877,4.35728741,5.16038752,:
Timor-Leste,:,:,:,2.84187031,4.26103544,5.28044748,6.00192022,5.64793253,6.96563959,7.30931807,6.47058821,6.86541462,6.99215221,8.5323782,7.60483742,7.67216587,6.89625168,6.75752544,6.36952639,6.02679253,9.96385956,11.43839264,:
Australia,7.59412289,7.67809916,7.87627029,7.88087225,8.08708572,7.97029352,7.97702456,8.05496502,8.24855137,8.54473877,8.42025661,8.53744984,8.67456913,8.75058746,9.83354282,10.18225861,10.09288597,10.12281322,10.05971909,10.21965981,10.6837368,10.54363918,:
Brunei Darussalam,2.5479064,2.5465107,2.53447938,2.60260582,2.55193377,2.23386168,1.9072516,1.94145441,1.87612021,2.39306617,2.27826095,1.86409724,1.85097206,1.898314,1.91436803,2.38708901,2.54828691,2.27022862,2.41289377,2.19410944,2.39334464,2.20486665,:
Cambodia,6.53804731,7.00522089,7.22556973,6.93705606,7.07894278,6.84559298,6.11889315,4.90875959,6.60109425,7.58330584,6.91169977,7.50353098,7.26115417,7.10386753,6.70157766,6.19431591,6.11648464,5.65125847,6.06630135,6.84972715,7.11156559,7.53223085,:
China,4.50828123,4.25330067,4.38285255,4.41762781,4.29347467,4.17605019,3.94742203,3.67491412,3.900002,4.34958458,4.23068333,4.34274387,4.56584787,4.71490669,4.77790594,4.93827963,4.97955608,5.06592178,5.16790485,5.3502779,5.59359741,5.38360548,:
Cook Islands,3.03594232,3.25854468,3.43605018,3.20133734,3.40954423,3.906528,3.46895432,3.7235806,3.4264636,3.47490692,3.62945938,3.51529765,3.1066587,3.28935361,3.29125428,2.87401056,2.987252,2.79936099,2.65184522,2.75841761,3.64914894,3.82395315,:
Fiji,3.42441177,2.90547299,2.98349524,2.97298193,3.25768542,3.25656676,3.34798193,3.41514993,3.18467116,3.53587627,3.41664124,3.14293504,3.2655499,3.20040679,3.36860466,3.32468939,3.27979708,3.18689561,4.10572624,4.25136137,4.76918268,5.38085365,:
Japan,7.03456163,7.23947954,7.35235405,7.48654795,7.53518438,7.65818644,7.68688869,7.77935648,8.08909321,8.9587822,9.0630064,10.48780155,10.67169189,10.67438602,10.7290144,10.74969864,10.65891552,10.65627003,10.73988247,10.96998501,11.00493336,10.8226738,:
Kiribati,8.64500046,12.29581928,11.87037563,10.70136738,12.43446064,11.51761913,11.54089041,11.35849057,14.07738095,13.48823547,9.33727837,8.67428589,8.68852425,9.5287962,10.09137058,8.1057272,10.47440434,11.45574951,12.96860409,12.58647823,16.99116516,14.80788708,:
Lao People's Democratic Republic,4.27513599,4.29031658,3.69751263,4.47920704,3.54057336,3.33673191,2.93200922,3.15345573,2.76727295,3.46300411,2.91155219,1.94457507,2.07637572,2.39984965,2.29845548,2.45366454,2.36087489,2.52606821,2.24630332,2.60312223,2.05965185,2.74392009,:
Malaysia,2.51463366,2.6753974,2.66876554,2.92417073,2.86016941,2.78692698,3.10897732,3.07041144,3.00692558,3.2610569,3.16474271,3.31451917,3.45786357,3.51276922,3.71036959,3.82201481,3.70085335,3.71472311,3.75944281,3.83991051,4.08395433,4.38380671,:
Marshall Islands,17.4808979,14.81642723,12.84072018,12.76533508,15.61940098,20.21598053,20.33398056,16.26939583,15.20470905,14.53969955,13.93147564,13.08627224,13.03814125,13.46883583,13.20781231,15.33984375,15.73866177,14.38502884,15.26284122,14.82552052,12.58777618,12.54863834,:
Micronesia (Federated States of),7.76511145,8.45260048,7.89720392,9.57150459,12.02715683,17.73306656,10.74129105,11.0585041,11.99137974,12.55259323,13.10624504,13.09527397,12.27709675,12.10208416,11.72290421,12.46286297,13.13244915,12.1958313,11.65710258,11.2604599,10.84531593,10.96059132,:
Mongolia,5.69538355,5.05435562,5.18856382,4.10218763,4.15718555,3.7552557,3.74971509,4.07522774,4.55693007,4.45980072,3.73945689,3.58612084,3.85800076,4.08932018,4.20989752,4.23154545,4.58008575,4.33954334,4.53449297,4.49497843,4.6662488,6.911304,:
Nauru,18.96671295,16.22330093,13.80812454,9.97444248,6.87889576,10.82081795,12.41761494,24.23068047,23.0041008,12.31575871,12.6964016,9.96043968,8.84148979,9.85010052,8.38675785,14.00562382,10.99060059,11.4886446,11.10239792,11.55542469,12.68183994,13.06414223,:
New Zealand,7.4700222,7.5789361,7.90045929,7.72169256,7.90090561,8.27334881,8.63841629,8.32904434,9.12382889,9.62076378,9.59277534,9.51987362,9.65163612,9.36019325,9.40168381,9.28344345,9.24379444,8.96694851,9.0351162,9.49310207,10.07205391,10.04858398,:
Niue,7.92566109,38.13645935,11.11293316,9.52666473,17.34155083,12.30243301,50.18312073,23.6081562,23.25727081,28.82340813,15.54110909,19.82967377,10.30762005,9.70858097,10.8349247,8.7496357,7.75022793,8.51142979,7.99598455,7.27533102,8.97386074,13.75609207,:
Palau,8.69525814,7.79659462,8.01948452,8.96286488,9.91890907,9.29251766,9.56446457,9.80653,9.40130234,10.30605984,11.61802578,10.86477661,11.4970541,11.97790623,12.12317181,11.33741093,11.62825298,12.52633381,12.85856915,13.40278435,14.34041405,16.38419533,:
Papua New Guinea,2.0184176,2.3006382,2.77562952,2.4531486,2.59372902,2.44874048,2.42600322,2.42102122,2.13526058,2.32937527,2.10756016,2.29397798,2.66693544,2.99727893,3.27119064,1.81881714,2.33063054,2.22970986,2.30051899,2.3253386,2.30193973,2.32032132,:
Philippines,3.05512357,2.84775972,2.63767385,3.07663488,3.0468533,3.74253035,3.77762938,3.75318074,3.86315918,4.16451931,4.13107872,4.02518559,4.17709208,4.27408695,3.70313668,3.8982749,3.95484328,3.96042776,3.9538188,4.16646004,5.16214037,5.87126095,5.09624577
Republic of Korea,3.85544181,4.29693604,4.0143261,4.28309107,4.26715517,4.54809093,4.84870243,4.95489931,5.24600267,5.65905666,5.81980991,5.91454506,6.0325017,6.15069818,6.40432453,6.58926058,6.87049913,7.04742336,7.49119806,8.17479515,8.3497715,9.33145523,9.72047997
Samoa,4.28232527,3.81804991,4.49205494,4.17237139,4.52578545,4.63365459,4.88451385,4.7446332,4.53258085,5.12732029,5.15268326,5.38357162,4.9883461,6.2147789,6.25431204,6.21226454,5.63365221,5.16120243,4.77439356,5.63886738,6.18895578,6.80313492,:
Singapore,3.343364,3.16302657,3.358464,3.60699272,3.15019798,3.03367925,2.9347465,2.83749056,3.19488454,3.39853096,3.20265388,3.15792179,3.32783675,3.68562651,3.87155652,4.18069839,4.38810682,4.36493397,4.07545424,4.39938164,5.71281767,5.56525183,:
Solomon Islands,4.82626629,6.60538721,10.10495281,7.075634,7.72383881,9.01593494,8.00584698,7.18298769,5.50597048,6.60598898,4.66139841,5.02313328,4.87480497,4.57886171,4.88791895,4.44578695,4.40253973,4.14992523,3.77378345,4.32405567,4.79699087,4.76345396,:
Tonga,2.90389204,3.42501593,3.58957744,3.43583083,4.50741625,4.38560247,5.47225046,4.73330021,6.05759716,3.92779636,4.81632328,3.82126665,4.79517698,3.9839797,5.00648069,4.47327423,4.81820822,4.85577822,4.80628061,4.75078154,5.33435154,6.27256584,:
Tuvalu,22.37474632,18.47802734,12.42768574,14.38950729,9.88583279,10.56283283,12.27132893,10.51983929,10.1193676,12.26670933,15.65082836,14.10340405,13.5962553,14.3384304,14.6935215,13.52732944,18.61886597,24.28305244,18.64067841,22.41327286,18.86140633,19.96582222,:
Vanuatu,3.30683255,3.38728333,3.90437746,3.50691938,3.53991532,3.30528617,3.32189322,3.1078558,3.13810205,3.25197887,3.52656102,3.59819388,3.9356277,4.39234495,3.64668846,4.32168293,2.93130064,2.76285458,3.31753612,3.31453276,3.99482441,4.3733778,:
Viet Nam,4.10752726,4.80107498,3.87075853,3.94229889,4.08791971,4.31821251,4.56979847,4.62917614,4.36028337,4.48502922,5.07146072,4.97468519,5.00178242,4.41233158,4.69078779,4.71140909,4.86994743,4.99014759,5.02678823,4.97407484,4.30061865,4.59346437,:
